20160603  00:00:00,0.72356,0.72352,0.72357,0.72353,0.72347,0.72345,0.72347,0.72345,-1
20160603  00:01:00,0.72347,0.72345,0.7235,0.72348,0.72336,0.72333,0.72339,0.72335,-1
20160603  00:02:00,0.72339,0.72335,0.72348,0.72345,0.72337,0.72333,0.72348,0.72345,-1
20160603  00:03:00,0.72348,0.72345,0.72348,0.72345,0.72344,0.72342,0.72345,0.72343,-1
20160603  00:04:00,0.72345,0.72343,0.7238,0.72376,0.72345,0.72343,0.7238,0.72376,-1
20160603  00:05:00,0.7238,0.72376,0.7239,0.72386,0.7238,0.72374,0.72388,0.72384,-1
20160603  00:06:00,0.72388,0.72384,0.72399,0.72395,0.72387,0.72382,0.72398,0.72394,-1
20160603  00:07:00,0.72398,0.72394,0.72399,0.72395,0.7239,0.72386,0.7239,0.72387,-1
20160603  00:08:00,0.7239,0.72387,0.7239,0.72388,0.72378,0.72377,0.72389,0.72384,-1
20160603  00:09:00,0.72389,0.72384,0.72398,0.72394,0.72389,0.72384,0.72397,0.72393,-1
20160603  00:10:00,0.72397,0.72393,0.72414,0.72412,0.72396,0.72393,0.72408,0.72406,-1
20160603  00:11:00,0.72408,0.72406,0.72409,0.72406,0.72385,0.72383,0.72388,0.72384,-1
20160603  00:12:00,0.72388,0.72384,0.72388,0.72384,0.72375,0.72371,0.72385,0.72382,-1
20160603  00:13:00,0.72385,0.72382,0.7242,0.72418,0.72385,0.72382,0.7242,0.72417,-1
20160603  00:14:00,0.7242,0.72417,0.7243,0.72427,0.72407,0.72405,0.72425,0.72423,-1
20160603  00:15:00,0.72425,0.72423,0.72425,0.72423,0.72394,0.72392,0.72397,0.72396,-1
20160603  00:16:00,0.72397,0.72396,0.72402,0.72401,0.72394,0.7239,0.72395,0.72393,-1
20160603  00:17:00,0.72395,0.72393,0.72395,0.72394,0.72383,0.72382,0.72383,0.72382,-1
20160603  00:18:00,0.72383,0.72382,0.72385,0.72384,0.72383,0.72382,0.72385,0.72384,-1
20160603  00:19:00,0.72385,0.72384,0.72417,0.72414,0.72385,0.72384,0.72414,0.72413,-1
20160603  00:20:00,0.72414,0.72413,0.72422,0.72418,0.72392,0.72391,0.72394,0.72392,-1
20160603  00:21:00,0.72394,0.72392,0.72395,0.72393,0.72392,0.72391,0.72395,0.72392,-1
20160603  00:22:00,0.72395,0.72392,0.72411,0.72408,0.72392,0.7239,0.72405,0.72404,-1
20160603  00:23:00,0.72405,0.72404,0.72408,0.72405,0.72385,0.72383,0.72389,0.72384,-1
20160603  00:24:00,0.72389,0.72384,0.72396,0.72393,0.7238,0.72376,0.72386,0.72384,-1
20160603  00:25:00,0.72386,0.72384,0.72387,0.72384,0.72364,0.72361,0.72367,0.72363,-1
20160603  00:26:00,0.72367,0.72363,0.7238,0.72375,0.72363,0.72361,0.72375,0.72372,-1
20160603  00:27:00,0.72375,0.72372,0.72376,0.72373,0.72366,0.72362,0.72367,0.72364,-1
20160603  00:28:00,0.72367,0.72364,0.72377,0.72374,0.72357,0.72353,0.72375,0.72374,-1
20160603  00:29:00,0.72375,0.72374,0.7238,0.72377,0.72357,0.72355,0.72358,0.72355,-1
20160603  00:30:00,0.72358,0.72355,0.72374,0.72372,0.72356,0.72355,0.72371,0.72369,-1
20160603  00:31:00,0.72371,0.72369,0.72378,0.72375,0.72368,0.72365,0.72374,0.72373,-1
20160603  00:32:00,0.72374,0.72373,0.72378,0.72375,0.72366,0.72363,0.72367,0.72363,-1
20160603  00:33:00,0.72367,0.72363,0.72369,0.72366,0.72357,0.72355,0.72369,0.72366,-1
20160603  00:34:00,0.72369,0.72366,0.72378,0.72374,0.72368,0.72366,0.72378,0.72374,-1
20160603  00:35:00,0.72378,0.72374,0.72378,0.72374,0.72371,0.72367,0.72374,0.72373,-1
20160603  00:36:00,0.72374,0.72373,0.72378,0.72374,0.72368,0.72365,0.72376,0.72374,-1
20160603  00:37:00,0.72376,0.72374,0.72376,0.72375,0.72376,0.72372,0.72376,0.72372,-1
20160603  00:38:00,0.72376,0.72372,0.72376,0.72372,0.72357,0.72354,0.7236,0.72355,-1
20160603  00:39:00,0.7236,0.72355,0.72369,0.72364,0.72359,0.72354,0.72367,0.72364,-1
20160603  00:40:00,0.72367,0.72364,0.72368,0.72364,0.72364,0.72361,0.72365,0.72361,-1
20160603  00:41:00,0.72365,0.72361,0.72365,0.72361,0.72346,0.72345,0.72356,0.72353,-1
20160603  00:42:00,0.72356,0.72353,0.72357,0.72355,0.72346,0.72343,0.72348,0.72347,-1
20160603  00:43:00,0.72348,0.72347,0.72368,0.72364,0.72348,0.72347,0.72366,0.72364,-1
20160603  00:44:00,0.72366,0.72364,0.72371,0.72367,0.72363,0.72358,0.72368,0.72364,-1
20160603  00:45:00,0.72368,0.72364,0.72376,0.72374,0.72367,0.72363,0.72375,0.72372,-1
20160603  00:46:00,0.72375,0.72372,0.72375,0.72372,0.72367,0.72364,0.72368,0.72364,-1
20160603  00:47:00,0.72368,0.72364,0.72369,0.72364,0.72368,0.72363,0.72368,0.72364,-1
20160603  00:48:00,0.72368,0.72364,0.72368,0.72365,0.72354,0.72353,0.72354,0.72353,-1
20160603  00:49:00,0.72354,0.72353,0.72356,0.72353,0.72347,0.72344,0.72347,0.72344,-1
20160603  00:50:00,0.72347,0.72344,0.72351,0.72348,0.72347,0.72344,0.7235,0.72346,-1
20160603  00:51:00,0.7235,0.72346,0.7237,0.72367,0.7235,0.72346,0.72369,0.72365,-1
20160603  00:52:00,0.72369,0.72365,0.72369,0.72366,0.72368,0.72364,0.72369,0.72365,-1
20160603  00:53:00,0.72369,0.72365,0.72369,0.72365,0.72365,0.72362,0.72365,0.72363,-1
20160603  00:54:00,0.72365,0.72363,0.72365,0.72363,0.72358,0.72354,0.72358,0.72355,-1
20160603  00:55:00,0.72358,0.72355,0.72361,0.72357,0.72358,0.72355,0.7236,0.72355,-1
20160603  00:56:00,0.7236,0.72355,0.72368,0.72364,0.72359,0.72355,0.72368,0.72364,-1
20160603  00:57:00,0.72368,0.72364,0.7237,0.72366,0.72366,0.72364,0.72369,0.72365,-1
20160603  00:58:00,0.72369,0.72365,0.7237,0.72365,0.72361,0.72356,0.72368,0.72364,-1
20160603  00:59:00,0.72368,0.72364,0.72368,0.72365,0.72355,0.72353,0.72359,0.72356,-1
20160603  01:00:00,0.72359,0.72356,0.72368,0.72364,0.72354,0.72348,0.72358,0.72355,-1
20160603  01:01:00,0.72358,0.72355,0.72368,0.72365,0.72355,0.72354,0.72363,0.72362,-1
20160603  01:02:00,0.72363,0.72362,0.72368,0.72363,0.72363,0.72362,0.72368,0.72363,-1
20160603  01:03:00,0.72368,0.72363,0.72369,0.72365,0.72363,0.72362,0.72369,0.72365,-1
20160603  01:04:00,0.72369,0.72365,0.72378,0.72375,0.72368,0.72365,0.72377,0.72372,-1
20160603  01:05:00,0.72377,0.72372,0.72377,0.72373,0.72368,0.72364,0.72375,0.7237,-1
20160603  01:06:00,0.72375,0.7237,0.72378,0.72374,0.72375,0.7237,0.72378,0.72373,-1
20160603  01:07:00,0.72378,0.72373,0.72379,0.72376,0.72374,0.72373,0.72379,0.72375,-1
20160603  01:08:00,0.72379,0.72375,0.7238,0.72375,0.72377,0.72373,0.7238,0.72375,-1
20160603  01:09:00,0.7238,0.72375,0.7239,0.72386,0.72378,0.72374,0.72385,0.72384,-1
20160603  01:10:00,0.72385,0.72384,0.72408,0.72404,0.72385,0.72384,0.72399,0.72395,-1
20160603  01:11:00,0.72399,0.72395,0.724,0.72396,0.72397,0.72392,0.72399,0.72395,-1
20160603  01:12:00,0.72399,0.72395,0.72409,0.72406,0.72399,0.72395,0.72409,0.72403,-1
20160603  01:13:00,0.72409,0.72403,0.72409,0.72406,0.72406,0.72402,0.72409,0.72406,-1
20160603  01:14:00,0.72409,0.72406,0.72429,0.72425,0.72408,0.72404,0.72423,0.72418,-1
20160603  01:15:00,0.72423,0.72418,0.72423,0.72418,0.72408,0.72403,0.72409,0.72405,-1
20160603  01:16:00,0.72409,0.72405,0.72411,0.72407,0.72409,0.72404,0.7241,0.72406,-1
20160603  01:17:00,0.7241,0.72406,0.7241,0.72409,0.72408,0.72404,0.7241,0.72407,-1
20160603  01:18:00,0.7241,0.72407,0.72419,0.72416,0.72409,0.72405,0.72417,0.72415,-1
20160603  01:19:00,0.72417,0.72415,0.72428,0.72426,0.72417,0.72415,0.72428,0.72426,-1
20160603  01:20:00,0.72428,0.72426,0.72429,0.72427,0.72426,0.72422,0.72428,0.72424,-1
20160603  01:21:00,0.72428,0.72424,0.72436,0.72434,0.72413,0.7241,0.72428,0.72424,-1
20160603  01:22:00,0.72428,0.72424,0.72437,0.72434,0.72418,0.72413,0.72419,0.72414,-1
20160603  01:23:00,0.72419,0.72414,0.72426,0.72424,0.72417,0.72414,0.72419,0.72417,-1
20160603  01:24:00,0.72419,0.72417,0.72438,0.72435,0.72418,0.72417,0.72422,0.72421,-1
20160603  01:25:00,0.72422,0.72421,0.7243,0.72426,0.72416,0.72415,0.72425,0.72422,-1
20160603  01:26:00,0.72425,0.72422,0.72428,0.72425,0.72415,0.72414,0.72419,0.72416,-1
20160603  01:27:00,0.72419,0.72416,0.72432,0.7243,0.72417,0.72415,0.72429,0.72424,-1
20160603  01:28:00,0.72429,0.72424,0.72432,0.7243,0.72418,0.72415,0.7242,0.72416,-1
20160603  01:29:00,0.7242,0.72416,0.72428,0.72424,0.7242,0.72416,0.72428,0.72424,-1
20160603  01:30:00,0.72428,0.72424,0.72428,0.72424,0.72417,0.72413,0.72418,0.72414,-1
20160603  01:31:00,0.72418,0.72414,0.72418,0.72414,0.72407,0.72403,0.72415,0.7241,-1
20160603  01:32:00,0.72415,0.7241,0.72418,0.72417,0.72411,0.72409,0.72418,0.72413,-1
20160603  01:33:00,0.72418,0.72413,0.72418,0.72413,0.72416,0.72412,0.72418,0.72413,-1
20160603  01:34:00,0.72418,0.72413,0.72429,0.72426,0.72417,0.72412,0.72428,0.72426,-1
20160603  01:35:00,0.72428,0.72426,0.72497,0.72496,0.72428,0.72426,0.72497,0.72496,-1
20160603  01:36:00,0.72497,0.72496,0.725,0.72498,0.72478,0.72472,0.72486,0.72483,-1
20160603  01:37:00,0.72486,0.72483,0.72486,0.72483,0.72463,0.72461,0.72467,0.72462,-1
20160603  01:38:00,0.72467,0.72462,0.72476,0.72472,0.72457,0.72453,0.72464,0.7246,-1
20160603  01:39:00,0.72464,0.7246,0.72469,0.72464,0.72458,0.72453,0.72468,0.72464,-1
20160603  01:40:00,0.72468,0.72464,0.72478,0.72475,0.72468,0.72463,0.72477,0.72473,-1
20160603  01:41:00,0.72477,0.72473,0.72478,0.72475,0.72467,0.72463,0.72468,0.72464,-1
20160603  01:42:00,0.72468,0.72464,0.72468,0.72464,0.72461,0.72457,0.72461,0.72457,-1
20160603  01:43:00,0.72461,0.72457,0.72478,0.72473,0.72461,0.72457,0.72476,0.72471,-1
20160603  01:44:00,0.72476,0.72471,0.725,0.72499,0.72472,0.72467,0.725,0.72497,-1
20160603  01:45:00,0.725,0.72497,0.72513,0.72508,0.72488,0.72483,0.72499,0.72495,-1
20160603  01:46:00,0.72499,0.72495,0.72499,0.72495,0.7249,0.72485,0.72491,0.72485,-1
20160603  01:47:00,0.72491,0.72485,0.72491,0.72485,0.72479,0.72473,0.72479,0.72473,-1
20160603  01:48:00,0.72479,0.72473,0.72479,0.72474,0.72475,0.72471,0.72477,0.72473,-1
20160603  01:49:00,0.72477,0.72473,0.72486,0.72481,0.72477,0.72472,0.7248,0.72476,-1
20160603  01:50:00,0.7248,0.72476,0.72481,0.72476,0.72479,0.72474,0.72479,0.72474,-1
20160603  01:51:00,0.72479,0.72474,0.72508,0.72504,0.72479,0.72474,0.72499,0.72496,-1
20160603  01:52:00,0.72499,0.72496,0.725,0.72497,0.72482,0.72479,0.72482,0.72479,-1
20160603  01:53:00,0.72482,0.72479,0.72495,0.72491,0.72482,0.72479,0.72493,0.72491,-1
20160603  01:54:00,0.72493,0.72491,0.72494,0.72491,0.72478,0.72474,0.72479,0.72474,-1
20160603  01:55:00,0.72479,0.72474,0.72497,0.72495,0.72476,0.72472,0.72489,0.72488,-1
20160603  01:56:00,0.72489,0.72488,0.72489,0.72488,0.72477,0.72475,0.72484,0.7248,-1
20160603  01:57:00,0.72484,0.7248,0.72484,0.72481,0.72477,0.72474,0.72479,0.72475,-1
20160603  01:58:00,0.72479,0.72475,0.72479,0.72475,0.72468,0.72465,0.72471,0.72466,-1
20160603  01:59:00,0.72471,0.72466,0.72471,0.72466,0.72462,0.72459,0.72466,0.72462,-1
20160603  02:00:00,0.72466,0.72462,0.7247,0.72468,0.72446,0.72443,0.72446,0.72443,-1
20160603  02:01:00,0.72446,0.72443,0.72462,0.7246,0.72441,0.7244,0.72443,0.72441,-1
20160603  02:02:00,0.72443,0.72441,0.72444,0.72441,0.72436,0.72435,0.72438,0.72435,-1
20160603  02:03:00,0.72438,0.72435,0.72445,0.72442,0.72432,0.7243,0.72435,0.72432,-1
20160603  02:04:00,0.72435,0.72432,0.72436,0.72434,0.72425,0.72422,0.72425,0.72422,-1
20160603  02:05:00,0.72425,0.72422,0.72436,0.72435,0.72424,0.72422,0.72436,0.72434,-1
20160603  02:06:00,0.72436,0.72434,0.72436,0.72434,0.72425,0.72424,0.72425,0.72424,-1
20160603  02:07:00,0.72425,0.72424,0.72436,0.72435,0.72425,0.72424,0.72427,0.72425,-1
20160603  02:08:00,0.72427,0.72425,0.72435,0.72433,0.72426,0.72423,0.72426,0.72423,-1
20160603  02:09:00,0.72426,0.72423,0.72426,0.72424,0.72415,0.72413,0.72415,0.72413,-1
20160603  02:10:00,0.72415,0.72413,0.72437,0.72434,0.72414,0.72411,0.72427,0.72425,-1
20160603  02:11:00,0.72427,0.72425,0.72438,0.72435,0.72427,0.72425,0.72436,0.72434,-1
20160603  02:12:00,0.72436,0.72434,0.72436,0.72434,0.72433,0.72432,0.72436,0.72433,-1
20160603  02:13:00,0.72436,0.72433,0.72458,0.72454,0.72436,0.72433,0.72457,0.72453,-1
20160603  02:14:00,0.72457,0.72453,0.72457,0.72454,0.72447,0.72444,0.72447,0.72444,-1
20160603  02:15:00,0.72447,0.72444,0.72453,0.72449,0.72446,0.72443,0.72452,0.72449,-1
20160603  02:16:00,0.72452,0.72449,0.72469,0.72465,0.72452,0.72449,0.72469,0.72465,-1
20160603  02:17:00,0.72469,0.72465,0.72489,0.72486,0.72469,0.72465,0.72483,0.72482,-1
20160603  02:18:00,0.72483,0.72482,0.72489,0.72487,0.72483,0.72481,0.72489,0.72487,-1
20160603  02:19:00,0.72489,0.72487,0.72508,0.72504,0.72486,0.72485,0.72497,0.72495,-1
20160603  02:20:00,0.72497,0.72495,0.725,0.72497,0.7249,0.72486,0.72491,0.72487,-1
20160603  02:21:00,0.72491,0.72487,0.72509,0.72505,0.72491,0.72487,0.72508,0.72504,-1
20160603  02:22:00,0.72508,0.72504,0.72509,0.72507,0.72496,0.72494,0.72498,0.72494,-1
20160603  02:23:00,0.72498,0.72494,0.72508,0.72505,0.72497,0.72494,0.72501,0.72498,-1
20160603  02:24:00,0.72501,0.72498,0.72508,0.72506,0.72478,0.72476,0.72483,0.72481,-1
20160603  02:25:00,0.72483,0.72481,0.72507,0.72506,0.72483,0.72481,0.72507,0.72505,-1
20160603  02:26:00,0.72507,0.72505,0.72509,0.72506,0.72491,0.7249,0.72499,0.72496,-1
20160603  02:27:00,0.72499,0.72496,0.7251,0.72508,0.72497,0.72494,0.72507,0.72504,-1
20160603  02:28:00,0.72507,0.72504,0.72508,0.72504,0.72496,0.72494,0.72498,0.72496,-1
20160603  02:29:00,0.72498,0.72496,0.72508,0.72504,0.72497,0.72495,0.72507,0.72503,-1
20160603  02:30:00,0.72507,0.72503,0.7251,0.72506,0.72475,0.72473,0.72475,0.72474,-1
20160603  02:31:00,0.72475,0.72474,0.72498,0.72494,0.72475,0.72474,0.72493,0.7249,-1
20160603  02:32:00,0.72493,0.7249,0.72506,0.72504,0.72493,0.7249,0.72506,0.72502,-1
20160603  02:33:00,0.72506,0.72502,0.72506,0.72502,0.72491,0.72488,0.72496,0.72492,-1
20160603  02:34:00,0.72496,0.72492,0.72497,0.72494,0.72485,0.72482,0.72487,0.72483,-1
20160603  02:35:00,0.72487,0.72483,0.72495,0.72492,0.72486,0.72482,0.72488,0.72485,-1
20160603  02:36:00,0.72488,0.72485,0.72489,0.72485,0.72477,0.72473,0.72479,0.72475,-1
20160603  02:37:00,0.72479,0.72475,0.72479,0.72475,0.72451,0.72448,0.72455,0.72452,-1
20160603  02:38:00,0.72455,0.72452,0.72468,0.72464,0.72455,0.72452,0.72466,0.72463,-1
20160603  02:39:00,0.72466,0.72463,0.72478,0.72475,0.72466,0.72463,0.72478,0.72475,-1
20160603  02:40:00,0.72478,0.72475,0.72478,0.72475,0.72477,0.72474,0.72478,0.72474,-1
20160603  02:41:00,0.72478,0.72474,0.72479,0.72476,0.72467,0.72465,0.72471,0.72469,-1
20160603  02:42:00,0.72471,0.72469,0.72471,0.72469,0.72468,0.72465,0.7247,0.72467,-1
20160603  02:43:00,0.7247,0.72467,0.72481,0.72478,0.7247,0.72467,0.7248,0.72477,-1
20160603  02:44:00,0.7248,0.72477,0.7249,0.72487,0.72476,0.72474,0.72476,0.72474,-1
20160603  02:45:00,0.72476,0.72474,0.72478,0.72476,0.72448,0.72445,0.72448,0.72445,-1
20160603  02:46:00,0.72448,0.72445,0.72477,0.72473,0.72448,0.72445,0.72468,0.72466,-1
20160603  02:47:00,0.72468,0.72466,0.7247,0.72466,0.72458,0.72455,0.72458,0.72457,-1
20160603  02:48:00,0.72458,0.72457,0.7246,0.72458,0.72455,0.72453,0.72457,0.72454,-1
20160603  02:49:00,0.72457,0.72454,0.72459,0.72457,0.72446,0.72443,0.72446,0.72445,-1
20160603  02:50:00,0.72446,0.72445,0.72448,0.72445,0.72442,0.7244,0.72444,0.72442,-1
20160603  02:51:00,0.72444,0.72442,0.72444,0.72442,0.72429,0.72426,0.72436,0.72433,-1
20160603  02:52:00,0.72436,0.72433,0.72437,0.72434,0.72426,0.72425,0.72436,0.72434,-1
20160603  02:53:00,0.72436,0.72434,0.72436,0.72434,0.72426,0.72423,0.72426,0.72425,-1
20160603  02:54:00,0.72426,0.72425,0.72429,0.72426,0.72426,0.72425,0.72426,0.72425,-1
20160603  02:55:00,0.72426,0.72425,0.72436,0.72435,0.72425,0.7242,0.72429,0.72425,-1
20160603  02:56:00,0.72429,0.72425,0.72438,0.72434,0.72428,0.72425,0.72438,0.72434,-1
20160603  02:57:00,0.72438,0.72434,0.7246,0.72458,0.72438,0.72434,0.72459,0.72458,-1
20160603  02:58:00,0.72459,0.72458,0.72463,0.7246,0.72458,0.72456,0.72458,0.72457,-1
20160603  02:59:00,0.72458,0.72457,0.72463,0.7246,0.72456,0.72454,0.72461,0.72459,-1
20160603  03:00:00,0.72461,0.72459,0.72488,0.72487,0.7246,0.72458,0.7247,0.72467,-1
20160603  03:01:00,0.7247,0.72467,0.72489,0.72486,0.72469,0.72467,0.72489,0.72486,-1
20160603  03:02:00,0.72489,0.72486,0.72511,0.72508,0.72489,0.72486,0.72509,0.72506,-1
20160603  03:03:00,0.72509,0.72506,0.72522,0.72518,0.72499,0.72496,0.72505,0.72504,-1
20160603  03:04:00,0.72505,0.72504,0.72512,0.72511,0.72498,0.72496,0.72511,0.7251,-1
20160603  03:05:00,0.72511,0.7251,0.7254,0.72536,0.7251,0.72507,0.72528,0.72525,-1
20160603  03:06:00,0.72528,0.72525,0.72537,0.72534,0.72521,0.72519,0.72536,0.72533,-1
20160603  03:07:00,0.72536,0.72533,0.72544,0.72542,0.72532,0.72528,0.72538,0.72535,-1
20160603  03:08:00,0.72538,0.72535,0.72547,0.72544,0.72537,0.72535,0.72542,0.72539,-1
20160603  03:09:00,0.72542,0.72539,0.72542,0.72539,0.72536,0.72533,0.7254,0.72536,-1
20160603  03:10:00,0.7254,0.72536,0.7254,0.72537,0.72533,0.72531,0.72533,0.72532,-1
20160603  03:11:00,0.72533,0.72532,0.72545,0.72543,0.72532,0.7253,0.72537,0.72533,-1
20160603  03:12:00,0.72537,0.72533,0.72537,0.72535,0.72529,0.72526,0.72537,0.72534,-1
20160603  03:13:00,0.72537,0.72534,0.72547,0.72545,0.72534,0.72532,0.72546,0.72543,-1
20160603  03:14:00,0.72546,0.72543,0.72547,0.72545,0.72536,0.72533,0.72537,0.72535,-1
20160603  03:15:00,0.72537,0.72535,0.72546,0.72542,0.72528,0.72525,0.72537,0.72535,-1
20160603  03:16:00,0.72537,0.72535,0.72539,0.72536,0.72535,0.72531,0.72536,0.72533,-1
20160603  03:17:00,0.72536,0.72533,0.7254,0.72537,0.72533,0.72529,0.72534,0.72533,-1
20160603  03:18:00,0.72534,0.72533,0.72538,0.72537,0.7253,0.72529,0.72537,0.72535,-1
20160603  03:19:00,0.72537,0.72535,0.72547,0.72546,0.72535,0.72532,0.72546,0.72544,-1
20160603  03:20:00,0.72546,0.72544,0.7255,0.72549,0.72537,0.72536,0.72537,0.72536,-1
20160603  03:21:00,0.72537,0.72536,0.7255,0.72549,0.72537,0.72536,0.72549,0.72548,-1
20160603  03:22:00,0.72549,0.72548,0.72568,0.72565,0.72546,0.72545,0.72564,0.72562,-1
20160603  03:23:00,0.72564,0.72562,0.72577,0.72574,0.72558,0.72555,0.72561,0.72557,-1
20160603  03:24:00,0.72561,0.72557,0.72566,0.72563,0.72548,0.72545,0.72558,0.72554,-1
20160603  03:25:00,0.72558,0.72554,0.72558,0.72557,0.72553,0.72552,0.72557,0.72554,-1
20160603  03:26:00,0.72557,0.72554,0.72571,0.72568,0.72548,0.72545,0.72571,0.72568,-1
20160603  03:27:00,0.72571,0.72568,0.72634,0.72632,0.72569,0.72568,0.72616,0.72615,-1
20160603  03:28:00,0.72616,0.72615,0.72627,0.72624,0.72606,0.72605,0.72621,0.72618,-1
20160603  03:29:00,0.72621,0.72618,0.72621,0.72618,0.72609,0.72607,0.72617,0.72616,-1
20160603  03:30:00,0.72617,0.72616,0.72618,0.72616,0.72578,0.72576,0.72578,0.72576,-1
20160603  03:31:00,0.72578,0.72576,0.72585,0.72583,0.72576,0.72572,0.72578,0.72575,-1
20160603  03:32:00,0.72578,0.72575,0.72585,0.72583,0.72577,0.72573,0.72579,0.72575,-1
20160603  03:33:00,0.72579,0.72575,0.72579,0.72576,0.72566,0.72563,0.72567,0.72563,-1
20160603  03:34:00,0.72567,0.72563,0.72574,0.7257,0.7256,0.72557,0.72567,0.72565,-1
20160603  03:35:00,0.72567,0.72565,0.72575,0.72573,0.72566,0.72565,0.7257,0.72569,-1
20160603  03:36:00,0.7257,0.72569,0.72578,0.72576,0.72567,0.72566,0.72577,0.72574,-1
20160603  03:37:00,0.72577,0.72574,0.72579,0.72576,0.72555,0.72554,0.7256,0.72556,-1
20160603  03:38:00,0.7256,0.72556,0.7256,0.72557,0.72555,0.72554,0.72558,0.72554,-1
20160603  03:39:00,0.72558,0.72554,0.72558,0.72554,0.72548,0.72545,0.7255,0.72547,-1
20160603  03:40:00,0.7255,0.72547,0.72553,0.72552,0.72547,0.72546,0.72548,0.72547,-1
20160603  03:41:00,0.72548,0.72547,0.7255,0.72549,0.72547,0.72545,0.72549,0.72546,-1
20160603  03:42:00,0.72549,0.72546,0.72549,0.72546,0.72538,0.72535,0.72546,0.72543,-1
20160603  03:43:00,0.72546,0.72543,0.72552,0.72548,0.72542,0.72538,0.72549,0.72546,-1
20160603  03:44:00,0.72549,0.72546,0.72572,0.72569,0.72549,0.72546,0.72568,0.72564,-1
20160603  03:45:00,0.72568,0.72564,0.72568,0.72565,0.72548,0.72545,0.7256,0.72556,-1
20160603  03:46:00,0.7256,0.72556,0.7256,0.72557,0.72547,0.72545,0.7255,0.72547,-1
20160603  03:47:00,0.7255,0.72547,0.72558,0.72555,0.72546,0.72543,0.72548,0.72546,-1
20160603  03:48:00,0.72548,0.72546,0.72551,0.72548,0.72538,0.72536,0.72549,0.72546,-1
20160603  03:49:00,0.72549,0.72546,0.7255,0.72546,0.72532,0.72529,0.72537,0.72534,-1
20160603  03:50:00,0.72537,0.72534,0.72544,0.72541,0.72526,0.72524,0.72526,0.72524,-1
20160603  03:51:00,0.72526,0.72524,0.72539,0.72535,0.72526,0.72524,0.72536,0.72534,-1
20160603  03:52:00,0.72536,0.72534,0.72537,0.72534,0.72526,0.72524,0.72526,0.72524,-1
20160603  03:53:00,0.72526,0.72524,0.72526,0.72524,0.72503,0.72501,0.72526,0.72524,-1
20160603  03:54:00,0.72526,0.72524,0.72541,0.72535,0.72522,0.72519,0.7254,0.72534,-1
20160603  03:55:00,0.7254,0.72534,0.7254,0.72534,0.72523,0.72522,0.72525,0.72523,-1
20160603  03:56:00,0.72525,0.72523,0.72537,0.72535,0.72523,0.72522,0.72537,0.72534,-1
20160603  03:57:00,0.72537,0.72534,0.72538,0.72535,0.72528,0.72525,0.72537,0.72533,-1
20160603  03:58:00,0.72537,0.72533,0.7255,0.72546,0.72537,0.72533,0.72538,0.72536,-1
20160603  03:59:00,0.72538,0.72536,0.72544,0.72542,0.72527,0.72525,0.72529,0.72528,-1
20160603  04:00:00,0.72529,0.72528,0.72548,0.72547,0.72529,0.72528,0.72548,0.72547,-1
20160603  04:01:00,0.72548,0.72547,0.72557,0.72556,0.72541,0.72539,0.72546,0.72543,-1
20160603  04:02:00,0.72546,0.72543,0.72556,0.72555,0.72546,0.72543,0.72551,0.72548,-1
20160603  04:03:00,0.72551,0.72548,0.72557,0.72554,0.72548,0.72545,0.72548,0.72546,-1
20160603  04:04:00,0.72548,0.72546,0.72565,0.72564,0.72548,0.72544,0.72559,0.72556,-1
20160603  04:05:00,0.72559,0.72556,0.7256,0.72557,0.72548,0.72545,0.72549,0.72546,-1
20160603  04:06:00,0.72549,0.72546,0.7255,0.72546,0.72536,0.72533,0.72539,0.72537,-1
20160603  04:07:00,0.72539,0.72537,0.7254,0.72537,0.72528,0.72524,0.72536,0.72532,-1
20160603  04:08:00,0.72536,0.72532,0.72536,0.72532,0.7252,0.72517,0.72525,0.72522,-1
20160603  04:09:00,0.72525,0.72522,0.72526,0.72524,0.72511,0.72508,0.72515,0.72512,-1
20160603  04:10:00,0.72515,0.72512,0.72526,0.72524,0.72515,0.72512,0.72518,0.72515,-1
20160603  04:11:00,0.72518,0.72515,0.72519,0.72515,0.72515,0.72512,0.72516,0.72514,-1
20160603  04:12:00,0.72516,0.72514,0.72538,0.72535,0.72516,0.72514,0.72518,0.72514,-1
20160603  04:13:00,0.72518,0.72514,0.72525,0.72521,0.72508,0.72505,0.72508,0.72505,-1
20160603  04:14:00,0.72508,0.72505,0.72513,0.72511,0.725,0.72497,0.72507,0.72504,-1
20160603  04:15:00,0.72507,0.72504,0.72508,0.72505,0.72497,0.72495,0.72505,0.72503,-1
20160603  04:16:00,0.72505,0.72503,0.72506,0.72504,0.72495,0.72493,0.72495,0.72493,-1
20160603  04:17:00,0.72495,0.72493,0.72507,0.72504,0.72495,0.72493,0.72504,0.72503,-1
20160603  04:18:00,0.72504,0.72503,0.72545,0.72542,0.72504,0.72503,0.72541,0.72537,-1
20160603  04:19:00,0.72541,0.72537,0.72547,0.72545,0.72531,0.72524,0.72546,0.72545,-1
20160603  04:20:00,0.72546,0.72545,0.7258,0.72579,0.72545,0.72541,0.72558,0.72556,-1
20160603  04:21:00,0.72558,0.72556,0.72575,0.72572,0.72558,0.72556,0.72575,0.72572,-1
20160603  04:22:00,0.72575,0.72572,0.72575,0.72574,0.72555,0.72554,0.72555,0.72554,-1
20160603  04:23:00,0.72555,0.72554,0.72557,0.72556,0.72525,0.72524,0.72538,0.72535,-1
20160603  04:24:00,0.72538,0.72535,0.72538,0.72535,0.72524,0.72523,0.72528,0.72525,-1
20160603  04:25:00,0.72528,0.72525,0.72555,0.72553,0.72528,0.72525,0.72546,0.72544,-1
20160603  04:26:00,0.72546,0.72544,0.72547,0.72545,0.72533,0.72531,0.72541,0.7254,-1
20160603  04:27:00,0.72541,0.7254,0.72546,0.72545,0.72536,0.72533,0.72543,0.72539,-1
20160603  04:28:00,0.72543,0.72539,0.72547,0.72544,0.72536,0.72534,0.72545,0.72544,-1
20160603  04:29:00,0.72545,0.72544,0.72557,0.72553,0.72541,0.7254,0.72556,0.72552,-1
20160603  04:30:00,0.72556,0.72552,0.72558,0.72552,0.72543,0.72542,0.72548,0.72544,-1
20160603  04:31:00,0.72548,0.72544,0.72549,0.72547,0.72538,0.72534,0.72547,0.72543,-1
20160603  04:32:00,0.72547,0.72543,0.72548,0.72545,0.7253,0.72528,0.7253,0.72529,-1
20160603  04:33:00,0.7253,0.72529,0.72537,0.72535,0.72525,0.72523,0.72526,0.72523,-1
20160603  04:34:00,0.72526,0.72523,0.72527,0.72523,0.72513,0.72509,0.72518,0.72515,-1
20160603  04:35:00,0.72518,0.72515,0.72528,0.72525,0.72504,0.72502,0.72519,0.72516,-1
20160603  04:36:00,0.72519,0.72516,0.72545,0.72544,0.72518,0.72515,0.72537,0.72535,-1
20160603  04:37:00,0.72537,0.72535,0.72556,0.72555,0.72526,0.72525,0.72549,0.72546,-1
20160603  04:38:00,0.72549,0.72546,0.72558,0.72555,0.72549,0.72546,0.72553,0.72549,-1
20160603  04:39:00,0.72553,0.72549,0.72553,0.7255,0.72538,0.72535,0.72539,0.72535,-1
20160603  04:40:00,0.72539,0.72535,0.72545,0.72542,0.72536,0.72533,0.72538,0.72535,-1
20160603  04:41:00,0.72538,0.72535,0.72538,0.72537,0.72519,0.72515,0.72526,0.72523,-1
20160603  04:42:00,0.72526,0.72523,0.72526,0.72524,0.72516,0.72513,0.72518,0.72517,-1
20160603  04:43:00,0.72518,0.72517,0.72528,0.72526,0.72517,0.72515,0.72519,0.72516,-1
20160603  04:44:00,0.72519,0.72516,0.72531,0.72528,0.72517,0.72515,0.72527,0.72525,-1
20160603  04:45:00,0.72527,0.72525,0.7253,0.72526,0.72517,0.72515,0.72518,0.72515,-1
20160603  04:46:00,0.72518,0.72515,0.7252,0.72518,0.72511,0.7251,0.72517,0.72515,-1
20160603  04:47:00,0.72517,0.72515,0.72519,0.72516,0.72512,0.7251,0.72518,0.72515,-1
20160603  04:48:00,0.72518,0.72515,0.7252,0.72517,0.72512,0.7251,0.72513,0.7251,-1
20160603  04:49:00,0.72513,0.7251,0.72548,0.72544,0.72513,0.7251,0.72548,0.72544,-1
20160603  04:50:00,0.72548,0.72544,0.72549,0.72546,0.7254,0.72536,0.7254,0.72538,-1
20160603  04:51:00,0.7254,0.72538,0.72547,0.72544,0.72527,0.72525,0.72528,0.72525,-1
20160603  04:52:00,0.72528,0.72525,0.72529,0.72526,0.72523,0.72521,0.72526,0.72524,-1
20160603  04:53:00,0.72526,0.72524,0.72526,0.72524,0.72496,0.72493,0.72519,0.72517,-1
20160603  04:54:00,0.72519,0.72517,0.7252,0.72517,0.72516,0.72514,0.72519,0.72517,-1
20160603  04:55:00,0.72519,0.72517,0.72528,0.72524,0.72519,0.72517,0.72524,0.72521,-1
20160603  04:56:00,0.72524,0.72521,0.72524,0.72521,0.72511,0.72508,0.72511,0.72508,-1
20160603  04:57:00,0.72511,0.72508,0.72519,0.72517,0.7251,0.72507,0.72518,0.72515,-1
20160603  04:58:00,0.72518,0.72515,0.72518,0.72515,0.725,0.72496,0.725,0.72497,-1
20160603  04:59:00,0.725,0.72497,0.72507,0.72505,0.72479,0.72476,0.72484,0.72483,-1
20160603  05:00:00,0.72484,0.72483,0.72487,0.72484,0.72478,0.72474,0.72478,0.72474,-1
20160603  05:01:00,0.72478,0.72474,0.72496,0.72493,0.72477,0.72474,0.72496,0.72493,-1
20160603  05:02:00,0.72496,0.72493,0.72507,0.72505,0.72496,0.72493,0.72499,0.72496,-1
20160603  05:03:00,0.72499,0.72496,0.72516,0.72514,0.72494,0.72493,0.72499,0.72498,-1
20160603  05:04:00,0.72499,0.72498,0.72499,0.72498,0.72487,0.72486,0.72487,0.72486,-1
20160603  05:05:00,0.72487,0.72486,0.72496,0.72492,0.72486,0.72483,0.72495,0.72492,-1
20160603  05:06:00,0.72495,0.72492,0.72497,0.72494,0.72487,0.72486,0.72496,0.72494,-1
20160603  05:07:00,0.72496,0.72494,0.72496,0.72494,0.72489,0.72488,0.72489,0.72488,-1
20160603  05:08:00,0.72489,0.72488,0.72489,0.72488,0.72476,0.72475,0.72476,0.72475,-1
20160603  05:09:00,0.72476,0.72475,0.72478,0.72475,0.7246,0.72457,0.7246,0.72457,-1
20160603  05:10:00,0.7246,0.72457,0.72467,0.72464,0.72457,0.72456,0.72459,0.72457,-1
20160603  05:11:00,0.72459,0.72457,0.72466,0.72464,0.72456,0.72453,0.72459,0.72458,-1
20160603  05:12:00,0.72459,0.72458,0.7247,0.72468,0.72447,0.72446,0.72456,0.72455,-1
20160603  05:13:00,0.72456,0.72455,0.7246,0.72457,0.7245,0.72448,0.72457,0.72454,-1
20160603  05:14:00,0.72457,0.72454,0.72457,0.72455,0.72438,0.72436,0.72438,0.72437,-1
20160603  05:15:00,0.72438,0.72437,0.72448,0.72445,0.72438,0.72436,0.72439,0.72437,-1
20160603  05:16:00,0.72439,0.72437,0.72446,0.72444,0.72435,0.72433,0.72445,0.72444,-1
20160603  05:17:00,0.72445,0.72444,0.72447,0.72445,0.72436,0.72434,0.72437,0.72434,-1
20160603  05:18:00,0.72437,0.72434,0.72458,0.72455,0.72425,0.72424,0.72448,0.72446,-1
20160603  05:19:00,0.72448,0.72446,0.72452,0.72451,0.72445,0.72442,0.72446,0.72444,-1
20160603  05:20:00,0.72446,0.72444,0.72455,0.72452,0.7244,0.72438,0.72453,0.72452,-1
20160603  05:21:00,0.72453,0.72452,0.72458,0.72455,0.72453,0.72452,0.72458,0.72454,-1
20160603  05:22:00,0.72458,0.72454,0.72467,0.72465,0.72448,0.72445,0.72466,0.72465,-1
20160603  05:23:00,0.72466,0.72465,0.72466,0.72465,0.72447,0.72445,0.72449,0.72445,-1
20160603  05:24:00,0.72449,0.72445,0.72451,0.7245,0.72438,0.72436,0.72446,0.72443,-1
20160603  05:25:00,0.72446,0.72443,0.72446,0.72444,0.72414,0.72413,0.72415,0.72413,-1
20160603  05:26:00,0.72415,0.72413,0.72426,0.72423,0.72408,0.72405,0.72415,0.72412,-1
20160603  05:27:00,0.72415,0.72412,0.72417,0.72415,0.72407,0.72404,0.72415,0.72414,-1
20160603  05:28:00,0.72415,0.72414,0.72417,0.72415,0.7241,0.72409,0.72416,0.72414,-1
20160603  05:29:00,0.72416,0.72414,0.72425,0.72423,0.72407,0.72405,0.72418,0.72416,-1
20160603  05:30:00,0.72418,0.72416,0.72426,0.72425,0.72414,0.72411,0.72417,0.72414,-1
20160603  05:31:00,0.72417,0.72414,0.7243,0.72427,0.72409,0.72405,0.72409,0.72407,-1
20160603  05:32:00,0.72409,0.72407,0.72409,0.72407,0.72396,0.72394,0.72396,0.72394,-1
20160603  05:33:00,0.72396,0.72394,0.72401,0.72397,0.72396,0.72394,0.724,0.72397,-1
20160603  05:34:00,0.724,0.72397,0.72414,0.72413,0.72397,0.72395,0.72397,0.72396,-1
20160603  05:35:00,0.72397,0.72396,0.72399,0.72398,0.72397,0.72394,0.72399,0.72398,-1
20160603  05:36:00,0.72399,0.72398,0.72407,0.72406,0.72397,0.72396,0.724,0.72396,-1
20160603  05:37:00,0.724,0.72396,0.7242,0.72415,0.724,0.72396,0.72407,0.72406,-1
20160603  05:38:00,0.72407,0.72406,0.72416,0.72414,0.72407,0.72405,0.72413,0.72412,-1
20160603  05:39:00,0.72413,0.72412,0.72436,0.72434,0.72413,0.72412,0.72428,0.72424,-1
20160603  05:40:00,0.72428,0.72424,0.72435,0.72433,0.72414,0.72413,0.72418,0.72415,-1
20160603  05:41:00,0.72418,0.72415,0.72426,0.72425,0.72417,0.72415,0.72426,0.72425,-1
20160603  05:42:00,0.72426,0.72425,0.72429,0.72426,0.72422,0.72419,0.72429,0.72426,-1
20160603  05:43:00,0.72429,0.72426,0.72448,0.72445,0.72429,0.72426,0.7243,0.72429,-1
20160603  05:44:00,0.7243,0.72429,0.72438,0.72434,0.72418,0.72416,0.72418,0.72416,-1
20160603  05:45:00,0.72418,0.72416,0.72425,0.72423,0.72417,0.72415,0.72418,0.72416,-1
20160603  05:46:00,0.72418,0.72416,0.7242,0.72418,0.72408,0.72405,0.72419,0.72418,-1
20160603  05:47:00,0.72419,0.72418,0.7242,0.72418,0.7241,0.72407,0.72416,0.72413,-1
20160603  05:48:00,0.72416,0.72413,0.72418,0.72416,0.72415,0.72413,0.72415,0.72414,-1
20160603  05:49:00,0.72415,0.72414,0.72415,0.72414,0.72398,0.72395,0.724,0.72397,-1
20160603  05:50:00,0.724,0.72397,0.72417,0.72414,0.724,0.72397,0.72416,0.72414,-1
20160603  05:51:00,0.72416,0.72414,0.72421,0.72418,0.72416,0.72413,0.72421,0.72417,-1
20160603  05:52:00,0.72421,0.72417,0.72429,0.72426,0.72416,0.72415,0.72428,0.72426,-1
20160603  05:53:00,0.72428,0.72426,0.72429,0.72428,0.7242,0.72418,0.72426,0.72423,-1
20160603  05:54:00,0.72426,0.72423,0.72427,0.72426,0.72416,0.72415,0.72423,0.72421,-1
20160603  05:55:00,0.72423,0.72421,0.72439,0.72436,0.72396,0.72394,0.72397,0.72394,-1
20160603  05:56:00,0.72397,0.72394,0.72417,0.72415,0.72397,0.72394,0.72416,0.72414,-1
20160603  05:57:00,0.72416,0.72414,0.72421,0.72417,0.72409,0.72405,0.72415,0.72414,-1
20160603  05:58:00,0.72415,0.72414,0.72428,0.72426,0.7241,0.72407,0.72426,0.72425,-1
20160603  05:59:00,0.72426,0.72425,0.72432,0.72429,0.72416,0.72413,0.72418,0.72414,-1
20160603  06:00:00,0.72418,0.72414,0.72421,0.7242,0.72409,0.72406,0.7242,0.72417,-1
20160603  06:01:00,0.7242,0.72417,0.72427,0.72424,0.72419,0.72415,0.72426,0.72422,-1
20160603  06:02:00,0.72426,0.72422,0.72433,0.72431,0.72415,0.72413,0.72415,0.72414,-1
20160603  06:03:00,0.72415,0.72414,0.72427,0.72423,0.72415,0.72414,0.72427,0.72423,-1
20160603  06:04:00,0.72427,0.72423,0.72427,0.72424,0.72416,0.72414,0.72417,0.72415,-1
20160603  06:05:00,0.72417,0.72415,0.72426,0.72424,0.72417,0.72415,0.72421,0.72419,-1
20160603  06:06:00,0.72421,0.72419,0.72428,0.72425,0.72419,0.72417,0.7242,0.72417,-1
20160603  06:07:00,0.7242,0.72417,0.7242,0.72417,0.7241,0.72407,0.72419,0.72415,-1
20160603  06:08:00,0.72419,0.72415,0.72425,0.72424,0.72415,0.72413,0.7242,0.72416,-1
20160603  06:09:00,0.7242,0.72416,0.72423,0.7242,0.72417,0.72413,0.7242,0.72417,-1
20160603  06:10:00,0.7242,0.72417,0.72421,0.72418,0.72409,0.72406,0.72409,0.72406,-1
20160603  06:11:00,0.72409,0.72406,0.72427,0.72424,0.72409,0.72405,0.72426,0.72424,-1
20160603  06:12:00,0.72426,0.72424,0.72437,0.72434,0.72423,0.72421,0.72437,0.72434,-1
20160603  06:13:00,0.72437,0.72434,0.72437,0.72434,0.72425,0.72424,0.72435,0.72431,-1
20160603  06:14:00,0.72435,0.72431,0.7245,0.72448,0.72435,0.72431,0.7245,0.72447,-1
20160603  06:15:00,0.7245,0.72447,0.72451,0.72448,0.72436,0.72435,0.72441,0.72437,-1
20160603  06:16:00,0.72441,0.72437,0.72441,0.72438,0.72418,0.72416,0.72427,0.72423,-1
20160603  06:17:00,0.72427,0.72423,0.7244,0.72436,0.72427,0.72423,0.72428,0.72426,-1
20160603  06:18:00,0.72428,0.72426,0.72429,0.72426,0.72427,0.72424,0.72428,0.72425,-1
20160603  06:19:00,0.72428,0.72425,0.7243,0.72427,0.72427,0.72424,0.72429,0.72426,-1
20160603  06:20:00,0.72429,0.72426,0.72429,0.72426,0.7242,0.72417,0.72427,0.72424,-1
20160603  06:21:00,0.72427,0.72424,0.72429,0.72427,0.72418,0.72414,0.72424,0.72421,-1
20160603  06:22:00,0.72424,0.72421,0.72424,0.72422,0.72417,0.72414,0.72418,0.72415,-1
20160603  06:23:00,0.72418,0.72415,0.72429,0.72427,0.72413,0.72411,0.72426,0.72424,-1
20160603  06:24:00,0.72426,0.72424,0.72448,0.72445,0.72426,0.72424,0.72448,0.72445,-1
20160603  06:25:00,0.72448,0.72445,0.7245,0.72448,0.72435,0.72432,0.72437,0.72434,-1
20160603  06:26:00,0.72437,0.72434,0.72449,0.72448,0.72437,0.72434,0.72447,0.72444,-1
20160603  06:27:00,0.72447,0.72444,0.72456,0.72452,0.72445,0.72443,0.72449,0.72446,-1
20160603  06:28:00,0.72449,0.72446,0.72455,0.72452,0.72448,0.72445,0.72455,0.72452,-1
20160603  06:29:00,0.72455,0.72452,0.72457,0.72455,0.72453,0.72451,0.72456,0.72453,-1
20160603  06:30:00,0.72456,0.72453,0.72466,0.72464,0.72444,0.72441,0.72445,0.72443,-1
20160603  06:31:00,0.72445,0.72443,0.72456,0.72454,0.72444,0.72443,0.72444,0.72443,-1
20160603  06:32:00,0.72444,0.72443,0.72455,0.72453,0.72435,0.72433,0.72454,0.72451,-1
20160603  06:33:00,0.72454,0.72451,0.72456,0.72452,0.72446,0.72443,0.72455,0.72451,-1
20160603  06:34:00,0.72455,0.72451,0.72465,0.72462,0.72454,0.72451,0.72456,0.72453,-1
20160603  06:35:00,0.72456,0.72453,0.72459,0.72455,0.72447,0.72444,0.72447,0.72445,-1
20160603  06:36:00,0.72447,0.72445,0.72465,0.72464,0.72446,0.72444,0.72464,0.72462,-1
20160603  06:37:00,0.72464,0.72462,0.72467,0.72465,0.72446,0.72445,0.72446,0.72445,-1
20160603  06:38:00,0.72446,0.72445,0.72448,0.72445,0.72442,0.7244,0.72444,0.72441,-1
20160603  06:39:00,0.72444,0.72441,0.72445,0.72442,0.72435,0.72433,0.72439,0.72437,-1
20160603  06:40:00,0.72439,0.72437,0.72445,0.72442,0.72439,0.72437,0.72441,0.7244,-1
20160603  06:41:00,0.72441,0.7244,0.72453,0.72451,0.72439,0.72437,0.72452,0.72451,-1
20160603  06:42:00,0.72452,0.72451,0.72452,0.72451,0.72405,0.72402,0.72405,0.72403,-1
20160603  06:43:00,0.72405,0.72403,0.72406,0.72404,0.72403,0.72402,0.72404,0.72402,-1
20160603  06:44:00,0.72404,0.72402,0.72407,0.72405,0.72404,0.72402,0.72405,0.72403,-1
20160603  06:45:00,0.72405,0.72403,0.72416,0.72414,0.72405,0.72403,0.72414,0.72413,-1
20160603  06:46:00,0.72414,0.72413,0.72417,0.72414,0.72412,0.7241,0.72413,0.7241,-1
20160603  06:47:00,0.72413,0.7241,0.72416,0.72414,0.72403,0.72402,0.72403,0.72402,-1
20160603  06:48:00,0.72403,0.72402,0.72405,0.72404,0.72372,0.72371,0.72385,0.72382,-1
20160603  06:49:00,0.72385,0.72382,0.72396,0.72393,0.72376,0.72374,0.72378,0.72375,-1
20160603  06:50:00,0.72378,0.72375,0.72389,0.72386,0.72376,0.72374,0.72377,0.72374,-1
20160603  06:51:00,0.72377,0.72374,0.72377,0.72375,0.72358,0.72355,0.72366,0.72364,-1
20160603  06:52:00,0.72366,0.72364,0.72369,0.72366,0.72346,0.72343,0.72347,0.72344,-1
20160603  06:53:00,0.72347,0.72344,0.72368,0.72364,0.72347,0.72344,0.72364,0.72363,-1
20160603  06:54:00,0.72364,0.72363,0.72366,0.72363,0.72358,0.72356,0.72359,0.72356,-1
20160603  06:55:00,0.72359,0.72356,0.72368,0.72365,0.72355,0.72352,0.72365,0.72362,-1
20160603  06:56:00,0.72365,0.72362,0.72365,0.72362,0.72349,0.72346,0.72355,0.72354,-1
20160603  06:57:00,0.72355,0.72354,0.72367,0.72365,0.7235,0.72348,0.72367,0.72364,-1
20160603  06:58:00,0.72367,0.72364,0.72367,0.72364,0.72363,0.72361,0.72364,0.72361,-1
20160603  06:59:00,0.72364,0.72361,0.72367,0.72366,0.72359,0.72357,0.72366,0.72364,-1
20160603  07:00:00,0.72366,0.72364,0.72373,0.7237,0.72359,0.72356,0.7237,0.72366,-1
20160603  07:01:00,0.7237,0.72366,0.72378,0.72375,0.72364,0.72361,0.72365,0.72361,-1
20160603  07:02:00,0.72365,0.72361,0.7237,0.72368,0.72361,0.72357,0.7237,0.72366,-1
20160603  07:03:00,0.7237,0.72366,0.7237,0.72368,0.72368,0.72364,0.7237,0.72368,-1
20160603  07:04:00,0.7237,0.72368,0.72378,0.72376,0.72369,0.72366,0.72378,0.72376,-1
20160603  07:05:00,0.72378,0.72376,0.72403,0.72402,0.72378,0.72375,0.724,0.72398,-1
20160603  07:06:00,0.724,0.72398,0.724,0.72398,0.72386,0.72382,0.72387,0.72385,-1
20160603  07:07:00,0.72387,0.72385,0.72409,0.72406,0.72383,0.7238,0.72409,0.72406,-1
20160603  07:08:00,0.72409,0.72406,0.72409,0.72406,0.72396,0.72393,0.72398,0.72396,-1
20160603  07:09:00,0.72398,0.72396,0.72402,0.724,0.7239,0.72389,0.72397,0.72395,-1
20160603  07:10:00,0.72397,0.72395,0.72402,0.72401,0.72397,0.72394,0.724,0.72399,-1
20160603  07:11:00,0.724,0.72399,0.72401,0.72399,0.72385,0.72384,0.72388,0.72387,-1
20160603  07:12:00,0.72388,0.72387,0.72392,0.7239,0.72383,0.72381,0.72385,0.72383,-1
20160603  07:13:00,0.72385,0.72383,0.72387,0.72385,0.72366,0.72364,0.72374,0.72373,-1
20160603  07:14:00,0.72374,0.72373,0.72384,0.72383,0.72374,0.72372,0.72384,0.72382,-1
20160603  07:15:00,0.72384,0.72382,0.72388,0.72386,0.72366,0.72364,0.72366,0.72365,-1
20160603  07:16:00,0.72366,0.72365,0.72368,0.72367,0.72365,0.72363,0.72367,0.72365,-1
20160603  07:17:00,0.72367,0.72365,0.72377,0.72373,0.72367,0.72364,0.72371,0.72369,-1
20160603  07:18:00,0.72371,0.72369,0.72377,0.72374,0.72367,0.72364,0.72368,0.72366,-1
20160603  07:19:00,0.72368,0.72366,0.72368,0.72366,0.72348,0.72345,0.72365,0.72362,-1
20160603  07:20:00,0.72365,0.72362,0.72366,0.72365,0.72357,0.72355,0.72358,0.72357,-1
20160603  07:21:00,0.72358,0.72357,0.72365,0.72363,0.72357,0.72354,0.72358,0.72355,-1
20160603  07:22:00,0.72358,0.72355,0.72365,0.72363,0.72356,0.72353,0.72356,0.72353,-1
20160603  07:23:00,0.72356,0.72353,0.72363,0.72362,0.72354,0.72352,0.72355,0.72354,-1
20160603  07:24:00,0.72355,0.72354,0.72369,0.72367,0.72355,0.72354,0.72367,0.72364,-1
20160603  07:25:00,0.72367,0.72364,0.7238,0.72378,0.72364,0.72361,0.72379,0.72377,-1
20160603  07:26:00,0.72379,0.72377,0.72379,0.72377,0.72369,0.72367,0.72379,0.72377,-1
20160603  07:27:00,0.72379,0.72377,0.72388,0.72385,0.72373,0.72371,0.72386,0.72384,-1
20160603  07:28:00,0.72386,0.72384,0.72386,0.72384,0.72368,0.72366,0.72369,0.72366,-1
20160603  07:29:00,0.72369,0.72366,0.7237,0.72368,0.72358,0.72357,0.72365,0.72363,-1
20160603  07:30:00,0.72365,0.72363,0.72377,0.72374,0.72361,0.72359,0.72375,0.72373,-1
20160603  07:31:00,0.72375,0.72373,0.72387,0.72384,0.72372,0.7237,0.72386,0.72383,-1
20160603  07:32:00,0.72386,0.72383,0.72403,0.72401,0.72385,0.72383,0.72401,0.72398,-1
20160603  07:33:00,0.72401,0.72398,0.72401,0.72398,0.72386,0.72384,0.72397,0.72395,-1
20160603  07:34:00,0.72397,0.72395,0.72404,0.72402,0.72392,0.72391,0.72398,0.72395,-1
20160603  07:35:00,0.72398,0.72395,0.72408,0.72406,0.72398,0.72394,0.72398,0.72396,-1
20160603  07:36:00,0.72398,0.72396,0.72405,0.72403,0.72397,0.72396,0.72397,0.72396,-1
20160603  07:37:00,0.72397,0.72396,0.72409,0.72408,0.72397,0.72395,0.72409,0.72407,-1
20160603  07:38:00,0.72409,0.72407,0.72419,0.72418,0.72405,0.72404,0.72407,0.72404,-1
20160603  07:39:00,0.72407,0.72404,0.72411,0.72408,0.72391,0.72389,0.72397,0.72395,-1
20160603  07:40:00,0.72397,0.72395,0.72399,0.72396,0.72395,0.72392,0.72398,0.72394,-1
20160603  07:41:00,0.72398,0.72394,0.72398,0.72394,0.72387,0.72384,0.72389,0.72386,-1
20160603  07:42:00,0.72389,0.72386,0.72399,0.72395,0.72389,0.72385,0.7239,0.72388,-1
20160603  07:43:00,0.7239,0.72388,0.72412,0.72409,0.7239,0.72388,0.7241,0.72406,-1
20160603  07:44:00,0.7241,0.72406,0.72419,0.72416,0.72409,0.72406,0.7241,0.72406,-1
20160603  07:45:00,0.7241,0.72406,0.72421,0.72418,0.72408,0.72406,0.72421,0.72417,-1
20160603  07:46:00,0.72421,0.72417,0.72424,0.72421,0.72413,0.72409,0.7242,0.72416,-1
20160603  07:47:00,0.7242,0.72416,0.7242,0.72416,0.72409,0.72405,0.72409,0.72406,-1
20160603  07:48:00,0.72409,0.72406,0.72416,0.72414,0.72399,0.72397,0.72414,0.72411,-1
20160603  07:49:00,0.72414,0.72411,0.72416,0.72414,0.72407,0.72405,0.72407,0.72405,-1
20160603  07:50:00,0.72407,0.72405,0.72407,0.72406,0.72397,0.72394,0.72397,0.72395,-1
20160603  07:51:00,0.72397,0.72395,0.72399,0.72397,0.72395,0.72392,0.72398,0.72395,-1
20160603  07:52:00,0.72398,0.72395,0.72408,0.72405,0.72397,0.72394,0.72406,0.72402,-1
20160603  07:53:00,0.72406,0.72402,0.72408,0.72405,0.72402,0.72398,0.72403,0.72402,-1
20160603  07:54:00,0.72403,0.72402,0.72409,0.72405,0.72401,0.72398,0.72408,0.72404,-1
20160603  07:55:00,0.72408,0.72404,0.72422,0.7242,0.72399,0.72397,0.72419,0.72418,-1
20160603  07:56:00,0.72419,0.72418,0.72422,0.72421,0.72418,0.72415,0.72418,0.72415,-1
20160603  07:57:00,0.72418,0.72415,0.72423,0.72422,0.72415,0.72413,0.72423,0.72422,-1
20160603  07:58:00,0.72423,0.72422,0.72431,0.72427,0.72423,0.72421,0.72431,0.72427,-1
20160603  07:59:00,0.72431,0.72427,0.72431,0.7243,0.7243,0.72427,0.72431,0.72429,-1
20160603  08:00:00,0.72431,0.72429,0.72438,0.72435,0.72427,0.72424,0.72428,0.72425,-1
20160603  08:01:00,0.72428,0.72425,0.72441,0.72439,0.72422,0.7242,0.7244,0.72437,-1
20160603  08:02:00,0.7244,0.72437,0.7244,0.72438,0.72438,0.72434,0.72439,0.72436,-1
20160603  08:03:00,0.72439,0.72436,0.7245,0.72448,0.72435,0.72434,0.72448,0.72446,-1
20160603  08:04:00,0.72448,0.72446,0.72448,0.72446,0.7243,0.72425,0.72437,0.72434,-1
20160603  08:05:00,0.72437,0.72434,0.72463,0.7246,0.72432,0.72428,0.72459,0.72457,-1
20160603  08:06:00,0.72459,0.72457,0.72469,0.72466,0.72458,0.72456,0.7246,0.72457,-1
20160603  08:07:00,0.7246,0.72457,0.72461,0.72459,0.72448,0.72445,0.72449,0.72446,-1
20160603  08:08:00,0.72449,0.72446,0.72457,0.72456,0.72449,0.72446,0.72457,0.72454,-1
20160603  08:09:00,0.72457,0.72454,0.72458,0.72456,0.72442,0.72439,0.7245,0.72447,-1
20160603  08:10:00,0.7245,0.72447,0.72468,0.72466,0.7245,0.72447,0.72458,0.72457,-1
20160603  08:11:00,0.72458,0.72457,0.7246,0.72457,0.72435,0.72433,0.72438,0.72434,-1
20160603  08:12:00,0.72438,0.72434,0.72462,0.72458,0.72438,0.72434,0.72459,0.72456,-1
20160603  08:13:00,0.72459,0.72456,0.72463,0.72461,0.72457,0.72453,0.72458,0.72454,-1
20160603  08:14:00,0.72458,0.72454,0.7246,0.72456,0.72448,0.72445,0.72449,0.72448,-1
20160603  08:15:00,0.72449,0.72448,0.72458,0.72455,0.72437,0.72436,0.72437,0.72436,-1
20160603  08:16:00,0.72437,0.72436,0.72441,0.72439,0.72437,0.72436,0.7244,0.72438,-1
20160603  08:17:00,0.7244,0.72438,0.72451,0.72448,0.7244,0.72438,0.72451,0.72448,-1
20160603  08:18:00,0.72451,0.72448,0.7247,0.72467,0.72451,0.72448,0.72467,0.72465,-1
20160603  08:19:00,0.72467,0.72465,0.7248,0.72478,0.72467,0.72465,0.72477,0.72475,-1
20160603  08:20:00,0.72477,0.72475,0.72487,0.72484,0.72473,0.72468,0.72478,0.72474,-1
20160603  08:21:00,0.72478,0.72474,0.725,0.72497,0.72475,0.7247,0.72488,0.72487,-1
20160603  08:22:00,0.72488,0.72487,0.72496,0.72493,0.72486,0.72482,0.72496,0.72493,-1
20160603  08:23:00,0.72496,0.72493,0.72507,0.72503,0.72487,0.72484,0.72506,0.72503,-1
20160603  08:24:00,0.72506,0.72503,0.72506,0.72503,0.72487,0.72483,0.72488,0.72485,-1
20160603  08:25:00,0.72488,0.72485,0.7249,0.72487,0.72484,0.7248,0.72486,0.72482,-1
20160603  08:26:00,0.72486,0.72482,0.725,0.72496,0.72486,0.72482,0.72499,0.72494,-1
20160603  08:27:00,0.72499,0.72494,0.72509,0.72503,0.72499,0.72494,0.725,0.72495,-1
20160603  08:28:00,0.725,0.72495,0.72511,0.72508,0.72486,0.72483,0.72501,0.72493,-1
20160603  08:29:00,0.72501,0.72493,0.72517,0.72508,0.7245,0.72405,0.72474,0.72421,-1
20160603  08:30:00,0.72474,0.72421,0.72849,0.72844,0.72474,0.72395,0.72841,0.72835,-1
20160603  08:31:00,0.72841,0.72835,0.72852,0.7285,0.72742,0.72736,0.72831,0.7282,-1
20160603  08:32:00,0.72831,0.7282,0.72861,0.72856,0.72812,0.72806,0.7286,0.72853,-1
20160603  08:33:00,0.7286,0.72853,0.7293,0.72925,0.72845,0.72842,0.72907,0.72906,-1
20160603  08:34:00,0.72907,0.72906,0.73024,0.7302,0.72888,0.72882,0.72975,0.7297,-1
20160603  08:35:00,0.72975,0.7297,0.73055,0.73052,0.72939,0.72934,0.7303,0.73028,-1
20160603  08:36:00,0.7303,0.73028,0.7308,0.73075,0.72988,0.72982,0.72988,0.72982,-1
20160603  08:37:00,0.72988,0.72982,0.72994,0.7299,0.72858,0.72856,0.72874,0.72872,-1
20160603  08:38:00,0.72874,0.72872,0.72979,0.72975,0.72873,0.72871,0.7297,0.72968,-1
20160603  08:39:00,0.7297,0.72968,0.73052,0.7305,0.7294,0.72936,0.7298,0.72975,-1
20160603  08:40:00,0.7298,0.72975,0.73046,0.73041,0.72967,0.72961,0.72967,0.72964,-1
20160603  08:41:00,0.72967,0.72964,0.72967,0.72964,0.72877,0.72876,0.72886,0.72884,-1
20160603  08:42:00,0.72886,0.72884,0.72947,0.72944,0.72856,0.72855,0.72885,0.72882,-1
20160603  08:43:00,0.72885,0.72882,0.72971,0.72967,0.72884,0.72881,0.72943,0.72939,-1
20160603  08:44:00,0.72943,0.72939,0.73006,0.73001,0.72928,0.72923,0.72967,0.72963,-1
20160603  08:45:00,0.72967,0.72963,0.73006,0.73005,0.72957,0.72953,0.7299,0.72985,-1
20160603  08:46:00,0.7299,0.72985,0.73028,0.73025,0.72956,0.72953,0.7297,0.72965,-1
20160603  08:47:00,0.7297,0.72965,0.7303,0.73028,0.72969,0.72965,0.73018,0.73014,-1
20160603  08:48:00,0.73018,0.73014,0.7302,0.73018,0.7297,0.72966,0.72989,0.72984,-1
20160603  08:49:00,0.72989,0.72984,0.73038,0.73035,0.72958,0.72953,0.72984,0.72982,-1
20160603  08:50:00,0.72984,0.72982,0.7304,0.73035,0.72975,0.7297,0.72998,0.72993,-1
20160603  08:51:00,0.72998,0.72993,0.73026,0.73022,0.72988,0.72983,0.73016,0.73014,-1
20160603  08:52:00,0.73016,0.73014,0.73038,0.73036,0.72976,0.72972,0.72977,0.72973,-1
20160603  08:53:00,0.72977,0.72973,0.73022,0.73021,0.72958,0.72953,0.72998,0.72993,-1
20160603  08:54:00,0.72998,0.72993,0.7305,0.73047,0.72967,0.72962,0.73039,0.73034,-1
20160603  08:55:00,0.73039,0.73034,0.73095,0.7309,0.73016,0.73011,0.73083,0.73078,-1
20160603  08:56:00,0.73083,0.73078,0.73152,0.73148,0.73068,0.73065,0.73151,0.73147,-1
20160603  08:57:00,0.73151,0.73147,0.73169,0.73166,0.73136,0.73131,0.73169,0.73165,-1
20160603  08:58:00,0.73169,0.73165,0.73188,0.73185,0.7313,0.73126,0.73146,0.73142,-1
20160603  08:59:00,0.73146,0.73142,0.73168,0.73164,0.73117,0.73114,0.73117,0.73114,-1
20160603  09:00:00,0.73117,0.73114,0.73175,0.73172,0.73107,0.73104,0.73167,0.73163,-1
20160603  09:01:00,0.73167,0.73163,0.73198,0.73197,0.73146,0.73143,0.73189,0.73185,-1
20160603  09:02:00,0.73189,0.73185,0.73238,0.73233,0.73173,0.7317,0.73228,0.73224,-1
20160603  09:03:00,0.73228,0.73224,0.73238,0.73236,0.73203,0.73202,0.73208,0.73205,-1
20160603  09:04:00,0.73208,0.73205,0.73208,0.73206,0.73196,0.73193,0.73198,0.73195,-1
20160603  09:05:00,0.73198,0.73195,0.7325,0.73246,0.73196,0.73194,0.73248,0.73244,-1
20160603  09:06:00,0.73248,0.73244,0.73252,0.7325,0.73212,0.73209,0.73237,0.73234,-1
20160603  09:07:00,0.73237,0.73234,0.73272,0.73269,0.73228,0.73224,0.73271,0.73268,-1
20160603  09:08:00,0.73271,0.73268,0.73348,0.73343,0.73271,0.73268,0.73329,0.73325,-1
20160603  09:09:00,0.73329,0.73325,0.73329,0.73325,0.7327,0.73269,0.73278,0.73276,-1
20160603  09:10:00,0.73278,0.73276,0.73355,0.73353,0.73278,0.73276,0.73355,0.73353,-1
20160603  09:11:00,0.73355,0.73353,0.73363,0.73361,0.73298,0.73294,0.73298,0.73295,-1
20160603  09:12:00,0.73298,0.73295,0.73348,0.73344,0.73281,0.73278,0.73341,0.73335,-1
20160603  09:13:00,0.73341,0.73335,0.73352,0.73351,0.73317,0.73314,0.73336,0.73332,-1
20160603  09:14:00,0.73336,0.73332,0.73339,0.73337,0.73305,0.73302,0.73338,0.73334,-1
20160603  09:15:00,0.73338,0.73334,0.73396,0.73395,0.73327,0.73324,0.7338,0.73379,-1
20160603  09:16:00,0.7338,0.73379,0.73388,0.73385,0.7336,0.73355,0.73377,0.73375,-1
20160603  09:17:00,0.73377,0.73375,0.73397,0.73395,0.73372,0.7337,0.73397,0.73393,-1
20160603  09:18:00,0.73397,0.73393,0.73404,0.73402,0.73337,0.73332,0.73344,0.73341,-1
20160603  09:19:00,0.73344,0.73341,0.73344,0.73342,0.73296,0.73292,0.73319,0.73315,-1
20160603  09:20:00,0.73319,0.73315,0.73348,0.73345,0.73319,0.73315,0.73325,0.73321,-1
20160603  09:21:00,0.73325,0.73321,0.73328,0.73323,0.73287,0.73283,0.73289,0.73287,-1
20160603  09:22:00,0.73289,0.73287,0.73307,0.73305,0.73272,0.73268,0.73274,0.73271,-1
20160603  09:23:00,0.73274,0.73271,0.73275,0.73272,0.7325,0.73246,0.73268,0.73263,-1
20160603  09:24:00,0.73268,0.73263,0.73304,0.73302,0.73266,0.73262,0.73295,0.73292,-1
20160603  09:25:00,0.73295,0.73292,0.73305,0.73304,0.73277,0.73274,0.73295,0.73292,-1
20160603  09:26:00,0.73295,0.73292,0.73304,0.73301,0.73261,0.73256,0.73268,0.73266,-1
20160603  09:27:00,0.73268,0.73266,0.73275,0.73271,0.73244,0.73239,0.73261,0.7326,-1
20160603  09:28:00,0.73261,0.7326,0.7328,0.73275,0.73252,0.73249,0.73267,0.73263,-1
20160603  09:29:00,0.73267,0.73263,0.7327,0.73267,0.73242,0.73238,0.7326,0.73254,-1
20160603  09:30:00,0.7326,0.73254,0.73277,0.73273,0.73258,0.73254,0.73276,0.73273,-1
20160603  09:31:00,0.73276,0.73273,0.73315,0.7331,0.73274,0.73271,0.73311,0.73308,-1
20160603  09:32:00,0.73311,0.73308,0.73333,0.73329,0.73303,0.73299,0.7333,0.73328,-1
20160603  09:33:00,0.7333,0.73328,0.7338,0.73376,0.73322,0.73318,0.73359,0.73357,-1
20160603  09:34:00,0.73359,0.73357,0.73379,0.73376,0.73358,0.73355,0.73379,0.73375,-1
20160603  09:35:00,0.73379,0.73375,0.73395,0.73391,0.7335,0.73347,0.73357,0.73354,-1
20160603  09:36:00,0.73357,0.73354,0.73376,0.73374,0.7333,0.73327,0.73375,0.73372,-1
20160603  09:37:00,0.73375,0.73372,0.73399,0.73396,0.73357,0.73352,0.73358,0.73354,-1
20160603  09:38:00,0.73358,0.73354,0.73387,0.73385,0.73329,0.73324,0.73378,0.73377,-1
20160603  09:39:00,0.73378,0.73377,0.7341,0.73409,0.73356,0.73353,0.73365,0.73363,-1
20160603  09:40:00,0.73365,0.73363,0.73365,0.73363,0.73325,0.7332,0.73339,0.73336,-1
20160603  09:41:00,0.73339,0.73336,0.73346,0.73343,0.73316,0.73313,0.73328,0.73323,-1
20160603  09:42:00,0.73328,0.73323,0.73328,0.73325,0.73289,0.73285,0.73306,0.73303,-1
20160603  09:43:00,0.73306,0.73303,0.73306,0.73303,0.73278,0.73274,0.73285,0.73282,-1
20160603  09:44:00,0.73285,0.73282,0.73318,0.73314,0.73285,0.73281,0.73298,0.73292,-1
20160603  09:45:00,0.73298,0.73292,0.73317,0.7331,0.73268,0.73263,0.73279,0.73274,-1
20160603  09:46:00,0.73279,0.73274,0.73299,0.73294,0.73269,0.73266,0.73288,0.73286,-1
20160603  09:47:00,0.73288,0.73286,0.73306,0.73304,0.73254,0.7325,0.73257,0.73254,-1
20160603  09:48:00,0.73257,0.73254,0.73268,0.73263,0.73239,0.73235,0.73252,0.73248,-1
20160603  09:49:00,0.73252,0.73248,0.73279,0.73274,0.7325,0.73246,0.7327,0.73267,-1
20160603  09:50:00,0.7327,0.73267,0.7329,0.73288,0.73268,0.73265,0.73286,0.73284,-1
20160603  09:51:00,0.73286,0.73284,0.7329,0.73287,0.73247,0.73246,0.7327,0.73269,-1
20160603  09:52:00,0.7327,0.73269,0.73312,0.7331,0.73261,0.73259,0.73311,0.73306,-1
20160603  09:53:00,0.73311,0.73306,0.73312,0.73308,0.73288,0.73285,0.73306,0.73305,-1
20160603  09:54:00,0.73306,0.73305,0.73311,0.73307,0.73284,0.73282,0.73302,0.73297,-1
20160603  09:55:00,0.73302,0.73297,0.73364,0.73359,0.73302,0.73297,0.7334,0.73336,-1
20160603  09:56:00,0.7334,0.73336,0.7338,0.73376,0.73338,0.73333,0.73375,0.7337,-1
20160603  09:57:00,0.73375,0.7337,0.73375,0.7337,0.73327,0.73323,0.73329,0.73327,-1
20160603  09:58:00,0.73329,0.73327,0.73359,0.73358,0.73328,0.73325,0.73359,0.73358,-1
20160603  09:59:00,0.73359,0.73358,0.73382,0.73377,0.73357,0.73355,0.73375,0.7336,-1
20160603  10:00:00,0.73375,0.7336,0.73479,0.73476,0.73372,0.7336,0.73473,0.73468,-1
20160603  10:01:00,0.73473,0.73468,0.73519,0.73516,0.73449,0.73444,0.73478,0.73473,-1
20160603  10:02:00,0.73478,0.73473,0.73491,0.73486,0.73431,0.73426,0.73475,0.73474,-1
20160603  10:03:00,0.73475,0.73474,0.73477,0.73475,0.7342,0.73415,0.73429,0.73424,-1
20160603  10:04:00,0.73429,0.73424,0.73457,0.73453,0.73398,0.73394,0.73413,0.73409,-1
20160603  10:05:00,0.73413,0.73409,0.73431,0.73429,0.73377,0.73375,0.73418,0.73417,-1
20160603  10:06:00,0.73418,0.73417,0.73418,0.73417,0.73325,0.73322,0.73336,0.73332,-1
20160603  10:07:00,0.73336,0.73332,0.73372,0.73368,0.73307,0.73304,0.73349,0.73347,-1
20160603  10:08:00,0.73349,0.73347,0.7336,0.73359,0.73305,0.73303,0.73318,0.73316,-1
20160603  10:09:00,0.73318,0.73316,0.73359,0.73357,0.73305,0.73302,0.73359,0.73357,-1
20160603  10:10:00,0.73359,0.73357,0.73389,0.73385,0.73351,0.73348,0.73361,0.73358,-1
20160603  10:11:00,0.73361,0.73358,0.73391,0.7339,0.73358,0.73354,0.73384,0.73381,-1
20160603  10:12:00,0.73384,0.73381,0.73387,0.73384,0.7335,0.73346,0.73368,0.73364,-1
20160603  10:13:00,0.73368,0.73364,0.73368,0.73365,0.73326,0.73324,0.73326,0.73324,-1
20160603  10:14:00,0.73326,0.73324,0.73356,0.73354,0.73318,0.73316,0.73356,0.73352,-1
20160603  10:15:00,0.73356,0.73352,0.73368,0.73366,0.73338,0.73335,0.73344,0.73342,-1
20160603  10:16:00,0.73344,0.73342,0.73364,0.73361,0.73313,0.73311,0.7335,0.73345,-1
20160603  10:17:00,0.7335,0.73345,0.73359,0.73354,0.73303,0.73299,0.73309,0.73306,-1
20160603  10:18:00,0.73309,0.73306,0.73341,0.73337,0.73309,0.73306,0.73334,0.73333,-1
20160603  10:19:00,0.73334,0.73333,0.7341,0.73407,0.73334,0.73329,0.73409,0.73406,-1
20160603  10:20:00,0.73409,0.73406,0.73412,0.73408,0.73354,0.73351,0.73364,0.73361,-1
20160603  10:21:00,0.73364,0.73361,0.73378,0.73376,0.73356,0.73352,0.7337,0.73364,-1
20160603  10:22:00,0.7337,0.73364,0.7337,0.73364,0.73348,0.73345,0.73358,0.73353,-1
20160603  10:23:00,0.73358,0.73353,0.73359,0.73355,0.73328,0.73323,0.73328,0.73323,-1
20160603  10:24:00,0.73328,0.73323,0.73335,0.73333,0.73304,0.73299,0.7331,0.73307,-1
20160603  10:25:00,0.7331,0.73307,0.73317,0.73315,0.73279,0.73277,0.73306,0.73305,-1
20160603  10:26:00,0.73306,0.73305,0.73307,0.73305,0.73254,0.73251,0.73261,0.7326,-1
20160603  10:27:00,0.73261,0.7326,0.73282,0.73281,0.73244,0.73242,0.73267,0.73266,-1
20160603  10:28:00,0.73267,0.73266,0.73276,0.73274,0.7325,0.73248,0.73255,0.73254,-1
20160603  10:29:00,0.73255,0.73254,0.73275,0.73273,0.73238,0.73234,0.73238,0.73235,-1
20160603  10:30:00,0.73238,0.73235,0.73256,0.73255,0.73224,0.73222,0.73245,0.73243,-1
20160603  10:31:00,0.73245,0.73243,0.73247,0.73245,0.73172,0.7317,0.73186,0.73182,-1
20160603  10:32:00,0.73186,0.73182,0.7319,0.73186,0.73158,0.73154,0.73165,0.73161,-1
20160603  10:33:00,0.73165,0.73161,0.73189,0.73185,0.73155,0.73153,0.73188,0.73184,-1
20160603  10:34:00,0.73188,0.73184,0.73234,0.73231,0.73184,0.73181,0.73202,0.73201,-1
20160603  10:35:00,0.73202,0.73201,0.73222,0.7322,0.73193,0.73192,0.73219,0.73216,-1
20160603  10:36:00,0.73219,0.73216,0.73231,0.73229,0.73209,0.73207,0.73209,0.73207,-1
20160603  10:37:00,0.73209,0.73207,0.73222,0.7322,0.73176,0.73174,0.73177,0.73176,-1
20160603  10:38:00,0.73177,0.73176,0.73182,0.7318,0.73152,0.7315,0.73154,0.73152,-1
20160603  10:39:00,0.73154,0.73152,0.73168,0.73166,0.73153,0.7315,0.73163,0.73159,-1
20160603  10:40:00,0.73163,0.73159,0.7318,0.73179,0.7316,0.73157,0.7318,0.73178,-1
20160603  10:41:00,0.7318,0.73178,0.73215,0.73211,0.7318,0.73175,0.73209,0.73204,-1
20160603  10:42:00,0.73209,0.73204,0.73211,0.73206,0.73188,0.73184,0.73188,0.73184,-1
20160603  10:43:00,0.73188,0.73184,0.7323,0.73227,0.73188,0.73184,0.7321,0.73207,-1
20160603  10:44:00,0.7321,0.73207,0.73225,0.73221,0.73197,0.73194,0.73225,0.73221,-1
20160603  10:45:00,0.73225,0.73221,0.7323,0.73226,0.73199,0.73197,0.73202,0.73199,-1
20160603  10:46:00,0.73202,0.73199,0.73219,0.73217,0.73197,0.73193,0.73219,0.73217,-1
20160603  10:47:00,0.73219,0.73217,0.73224,0.73222,0.73204,0.73202,0.73223,0.73221,-1
20160603  10:48:00,0.73223,0.73221,0.73234,0.73233,0.73218,0.73215,0.73223,0.73219,-1
20160603  10:49:00,0.73223,0.73219,0.73239,0.73238,0.73212,0.73211,0.73228,0.73226,-1
20160603  10:50:00,0.73228,0.73226,0.73247,0.73246,0.73227,0.73224,0.73247,0.73245,-1
20160603  10:51:00,0.73247,0.73245,0.7326,0.73258,0.73238,0.73235,0.7324,0.73236,-1
20160603  10:52:00,0.7324,0.73236,0.73251,0.73247,0.73238,0.73235,0.73249,0.73247,-1
20160603  10:53:00,0.73249,0.73247,0.7327,0.73266,0.73247,0.73243,0.73248,0.73245,-1
20160603  10:54:00,0.73248,0.73245,0.73249,0.73245,0.73222,0.7322,0.73238,0.73237,-1
20160603  10:55:00,0.73238,0.73237,0.73242,0.73238,0.73214,0.7321,0.73217,0.73216,-1
20160603  10:56:00,0.73217,0.73216,0.73237,0.73236,0.73208,0.73205,0.73237,0.73236,-1
20160603  10:57:00,0.73237,0.73236,0.733,0.73296,0.73231,0.73227,0.73283,0.7328,-1
20160603  10:58:00,0.73283,0.7328,0.73314,0.73313,0.73252,0.73249,0.73279,0.73277,-1
20160603  10:59:00,0.73279,0.73277,0.73287,0.73284,0.73237,0.73234,0.73237,0.73234,-1
20160603  11:00:00,0.73237,0.73234,0.73269,0.73265,0.73235,0.73231,0.73249,0.73248,-1
20160603  11:01:00,0.73249,0.73248,0.733,0.73299,0.73248,0.73246,0.733,0.73299,-1
20160603  11:02:00,0.733,0.73299,0.73303,0.73301,0.73268,0.73264,0.73273,0.73272,-1
20160603  11:03:00,0.73273,0.73272,0.73289,0.73287,0.73264,0.73263,0.73279,0.73277,-1
20160603  11:04:00,0.73279,0.73277,0.73301,0.73297,0.73275,0.73273,0.73301,0.73297,-1
20160603  11:05:00,0.73301,0.73297,0.73313,0.73312,0.73276,0.73274,0.73291,0.73287,-1
20160603  11:06:00,0.73291,0.73287,0.7333,0.73322,0.73291,0.73287,0.73318,0.73317,-1
20160603  11:07:00,0.73318,0.73317,0.73321,0.73317,0.73305,0.73303,0.73318,0.73317,-1
20160603  11:08:00,0.73318,0.73317,0.73336,0.73334,0.7331,0.73306,0.7333,0.73329,-1
20160603  11:09:00,0.7333,0.73329,0.7334,0.73337,0.73316,0.73314,0.73338,0.73335,-1
20160603  11:10:00,0.73338,0.73335,0.73348,0.73343,0.73321,0.73317,0.73327,0.73326,-1
20160603  11:11:00,0.73327,0.73326,0.73345,0.7334,0.73323,0.73318,0.73343,0.73339,-1
20160603  11:12:00,0.73343,0.73339,0.73349,0.73344,0.73297,0.73296,0.733,0.73298,-1
20160603  11:13:00,0.733,0.73298,0.733,0.73298,0.73268,0.73266,0.73288,0.73285,-1
20160603  11:14:00,0.73288,0.73285,0.73289,0.73286,0.73261,0.7326,0.73262,0.7326,-1
20160603  11:15:00,0.73262,0.7326,0.73283,0.7328,0.73259,0.73256,0.73269,0.73267,-1
20160603  11:16:00,0.73269,0.73267,0.73279,0.73276,0.73258,0.73255,0.73276,0.73275,-1
20160603  11:17:00,0.73276,0.73275,0.73285,0.73284,0.7326,0.73256,0.7328,0.73276,-1
20160603  11:18:00,0.7328,0.73276,0.73281,0.73278,0.73259,0.73254,0.7328,0.73276,-1
20160603  11:19:00,0.7328,0.73276,0.73286,0.73281,0.73274,0.73272,0.73279,0.73274,-1
20160603  11:20:00,0.73279,0.73274,0.73283,0.73282,0.73263,0.73259,0.7327,0.73266,-1
20160603  11:21:00,0.7327,0.73266,0.73271,0.73269,0.73253,0.73252,0.73271,0.73269,-1
20160603  11:22:00,0.73271,0.73269,0.73273,0.73271,0.73258,0.73256,0.73273,0.73271,-1
20160603  11:23:00,0.73273,0.73271,0.73292,0.73289,0.73272,0.73271,0.7328,0.73277,-1
20160603  11:24:00,0.7328,0.73277,0.73281,0.73278,0.73269,0.73265,0.73269,0.73266,-1
20160603  11:25:00,0.73269,0.73266,0.73282,0.73278,0.73268,0.73265,0.73278,0.73275,-1
20160603  11:26:00,0.73278,0.73275,0.73294,0.7329,0.7327,0.73267,0.73292,0.73288,-1
20160603  11:27:00,0.73292,0.73288,0.73309,0.73306,0.73285,0.73283,0.733,0.73297,-1
20160603  11:28:00,0.733,0.73297,0.733,0.73298,0.73286,0.73283,0.73287,0.73285,-1
20160603  11:29:00,0.73287,0.73285,0.73304,0.73302,0.73287,0.73284,0.73304,0.733,-1
20160603  11:30:00,0.73304,0.733,0.73319,0.73318,0.7329,0.73287,0.73319,0.73316,-1
20160603  11:31:00,0.73319,0.73316,0.73332,0.73328,0.73319,0.73315,0.73332,0.73328,-1
20160603  11:32:00,0.73332,0.73328,0.73334,0.73333,0.73316,0.73314,0.73318,0.73315,-1
20160603  11:33:00,0.73318,0.73315,0.73329,0.73327,0.73313,0.73312,0.7332,0.73317,-1
20160603  11:34:00,0.7332,0.73317,0.73328,0.73324,0.73316,0.73312,0.73319,0.73315,-1
20160603  11:35:00,0.73319,0.73315,0.73323,0.73321,0.73312,0.73311,0.73322,0.73317,-1
20160603  11:36:00,0.73322,0.73317,0.7336,0.73356,0.7332,0.73317,0.73351,0.73348,-1
20160603  11:37:00,0.73351,0.73348,0.73356,0.73353,0.73341,0.73338,0.73351,0.73348,-1
20160603  11:38:00,0.73351,0.73348,0.73362,0.73359,0.73347,0.73345,0.73362,0.73358,-1
20160603  11:39:00,0.73362,0.73358,0.73372,0.73371,0.73357,0.73354,0.73372,0.7337,-1
20160603  11:40:00,0.73372,0.7337,0.7339,0.73387,0.7337,0.73367,0.7338,0.73377,-1
20160603  11:41:00,0.7338,0.73377,0.73392,0.73389,0.73377,0.73374,0.7338,0.73377,-1
20160603  11:42:00,0.7338,0.73377,0.73381,0.73378,0.7335,0.73346,0.73352,0.73348,-1
20160603  11:43:00,0.73352,0.73348,0.73359,0.73356,0.73339,0.73335,0.73341,0.73338,-1
20160603  11:44:00,0.73341,0.73338,0.73349,0.73348,0.73335,0.73332,0.73347,0.73346,-1
20160603  11:45:00,0.73347,0.73346,0.73348,0.73346,0.7333,0.73329,0.73337,0.73335,-1
20160603  11:46:00,0.73337,0.73335,0.73337,0.73335,0.73321,0.73317,0.73327,0.73324,-1
20160603  11:47:00,0.73327,0.73324,0.73336,0.73333,0.73325,0.73322,0.7333,0.73328,-1
20160603  11:48:00,0.7333,0.73328,0.7335,0.73347,0.73316,0.73314,0.73349,0.73347,-1
20160603  11:49:00,0.73349,0.73347,0.73375,0.73374,0.73349,0.73346,0.73363,0.73362,-1
20160603  11:50:00,0.73363,0.73362,0.73388,0.73386,0.73363,0.73361,0.73385,0.73383,-1
20160603  11:51:00,0.73385,0.73383,0.73391,0.7339,0.73376,0.73373,0.73377,0.73373,-1
20160603  11:52:00,0.73377,0.73373,0.73377,0.73374,0.73357,0.73352,0.73357,0.73356,-1
20160603  11:53:00,0.73357,0.73356,0.73367,0.73364,0.73356,0.73352,0.73358,0.73355,-1
20160603  11:54:00,0.73358,0.73355,0.73362,0.7336,0.73357,0.73354,0.73358,0.73355,-1
20160603  11:55:00,0.73358,0.73355,0.7338,0.73376,0.73358,0.73355,0.7338,0.73376,-1
20160603  11:56:00,0.7338,0.73376,0.7338,0.73376,0.73375,0.73372,0.73378,0.73376,-1
20160603  11:57:00,0.73378,0.73376,0.73388,0.73385,0.73376,0.73373,0.73377,0.73373,-1
20160603  11:58:00,0.73377,0.73373,0.73397,0.73394,0.73376,0.73373,0.73396,0.73393,-1
20160603  11:59:00,0.73396,0.73393,0.73398,0.73394,0.73379,0.73375,0.73386,0.73383,-1
20160603  12:00:00,0.73386,0.73383,0.73388,0.73386,0.73377,0.73375,0.73377,0.73375,-1
20160603  12:01:00,0.73377,0.73375,0.73387,0.73384,0.73373,0.73371,0.73387,0.73384,-1
20160603  12:02:00,0.73387,0.73384,0.73402,0.73399,0.73381,0.73378,0.73397,0.73395,-1
20160603  12:03:00,0.73397,0.73395,0.73407,0.73404,0.73395,0.73392,0.73406,0.73403,-1
20160603  12:04:00,0.73406,0.73403,0.73419,0.73415,0.73406,0.73403,0.73407,0.73404,-1
20160603  12:05:00,0.73407,0.73404,0.73407,0.73404,0.73387,0.73384,0.73387,0.73386,-1
20160603  12:06:00,0.73387,0.73386,0.73387,0.73386,0.73377,0.73373,0.73385,0.73384,-1
20160603  12:07:00,0.73385,0.73384,0.73385,0.73384,0.73376,0.73374,0.73377,0.73374,-1
20160603  12:08:00,0.73377,0.73374,0.73377,0.73375,0.73365,0.73362,0.73367,0.73366,-1
20160603  12:09:00,0.73367,0.73366,0.73374,0.73373,0.7335,0.73348,0.73352,0.7335,-1
20160603  12:10:00,0.73352,0.7335,0.73357,0.73355,0.73352,0.73348,0.73356,0.73353,-1
20160603  12:11:00,0.73356,0.73353,0.73356,0.73354,0.73347,0.73344,0.73348,0.73344,-1
20160603  12:12:00,0.73348,0.73344,0.73359,0.73356,0.73335,0.73333,0.73358,0.73355,-1
20160603  12:13:00,0.73358,0.73355,0.73368,0.73366,0.73358,0.73355,0.73362,0.73359,-1
20160603  12:14:00,0.73362,0.73359,0.73371,0.73368,0.73361,0.73357,0.73371,0.73368,-1
20160603  12:15:00,0.73371,0.73368,0.73389,0.73387,0.73369,0.73365,0.73388,0.73385,-1
20160603  12:16:00,0.73388,0.73385,0.73399,0.73396,0.73383,0.7338,0.73389,0.73387,-1
20160603  12:17:00,0.73389,0.73387,0.73399,0.73397,0.73381,0.73377,0.73395,0.73391,-1
20160603  12:18:00,0.73395,0.73391,0.73399,0.73397,0.73384,0.73381,0.73388,0.73387,-1
20160603  12:19:00,0.73388,0.73387,0.7339,0.73387,0.73381,0.73377,0.73387,0.73386,-1
20160603  12:20:00,0.73387,0.73386,0.734,0.73397,0.73387,0.73384,0.73397,0.73395,-1
20160603  12:21:00,0.73397,0.73395,0.73402,0.73401,0.73387,0.73383,0.73387,0.73383,-1
20160603  12:22:00,0.73387,0.73383,0.73388,0.73384,0.73375,0.73373,0.73378,0.73375,-1
20160603  12:23:00,0.73378,0.73375,0.73378,0.73375,0.7336,0.73356,0.73368,0.73365,-1
20160603  12:24:00,0.73368,0.73365,0.73376,0.73374,0.73364,0.73361,0.73367,0.73365,-1
20160603  12:25:00,0.73367,0.73365,0.73372,0.73369,0.73364,0.73363,0.73365,0.73364,-1
20160603  12:26:00,0.73365,0.73364,0.73387,0.73386,0.73365,0.73364,0.73387,0.73385,-1
20160603  12:27:00,0.73387,0.73385,0.73404,0.73402,0.73379,0.73376,0.73398,0.73395,-1
20160603  12:28:00,0.73398,0.73395,0.73417,0.73413,0.73398,0.73395,0.73409,0.73406,-1
20160603  12:29:00,0.73409,0.73406,0.73423,0.73421,0.73407,0.73405,0.73416,0.73414,-1
20160603  12:30:00,0.73416,0.73414,0.73447,0.73445,0.73409,0.73406,0.73431,0.73427,-1
20160603  12:31:00,0.73431,0.73427,0.73452,0.73451,0.73417,0.73413,0.73452,0.73451,-1
20160603  12:32:00,0.73452,0.73451,0.73458,0.73455,0.73441,0.73437,0.73441,0.73438,-1
20160603  12:33:00,0.73441,0.73438,0.73448,0.73446,0.73436,0.73433,0.73439,0.73435,-1
20160603  12:34:00,0.73439,0.73435,0.7345,0.73447,0.73434,0.73432,0.73438,0.73435,-1
20160603  12:35:00,0.73438,0.73435,0.73447,0.73446,0.73409,0.73406,0.73417,0.73416,-1
20160603  12:36:00,0.73417,0.73416,0.73419,0.73416,0.73408,0.73406,0.73409,0.73406,-1
20160603  12:37:00,0.73409,0.73406,0.7341,0.73406,0.73402,0.734,0.73407,0.73404,-1
20160603  12:38:00,0.73407,0.73404,0.7341,0.73407,0.73399,0.73397,0.73399,0.73397,-1
20160603  12:39:00,0.73399,0.73397,0.73399,0.73397,0.73389,0.73386,0.73397,0.73394,-1
20160603  12:40:00,0.73397,0.73394,0.73417,0.73415,0.73397,0.73394,0.73417,0.73414,-1
20160603  12:41:00,0.73417,0.73414,0.73417,0.73415,0.73409,0.73405,0.7341,0.73407,-1
20160603  12:42:00,0.7341,0.73407,0.73417,0.73414,0.73408,0.73405,0.73409,0.73406,-1
20160603  12:43:00,0.73409,0.73406,0.73409,0.73406,0.73394,0.73391,0.73398,0.73395,-1
20160603  12:44:00,0.73398,0.73395,0.73407,0.73405,0.73394,0.7339,0.73399,0.73395,-1
20160603  12:45:00,0.73399,0.73395,0.73407,0.73403,0.73396,0.73392,0.73398,0.73395,-1
20160603  12:46:00,0.73398,0.73395,0.73398,0.73395,0.73387,0.73383,0.73388,0.73385,-1
20160603  12:47:00,0.73388,0.73385,0.73389,0.73385,0.7338,0.73378,0.73387,0.73384,-1
20160603  12:48:00,0.73387,0.73384,0.73396,0.73394,0.73386,0.73383,0.73396,0.73394,-1
20160603  12:49:00,0.73396,0.73394,0.73396,0.73395,0.73385,0.73382,0.73386,0.73383,-1
20160603  12:50:00,0.73386,0.73383,0.73389,0.73386,0.73384,0.73382,0.73385,0.73384,-1
20160603  12:51:00,0.73385,0.73384,0.73388,0.73386,0.73385,0.73382,0.73388,0.73385,-1
20160603  12:52:00,0.73388,0.73385,0.73388,0.73386,0.73378,0.73377,0.73378,0.73377,-1
20160603  12:53:00,0.73378,0.73377,0.73381,0.73379,0.73377,0.73375,0.73378,0.73377,-1
20160603  12:54:00,0.73378,0.73377,0.73386,0.73383,0.73369,0.73366,0.73369,0.73367,-1
20160603  12:55:00,0.73369,0.73367,0.73375,0.73373,0.73357,0.73355,0.73358,0.73356,-1
20160603  12:56:00,0.73358,0.73356,0.73363,0.73362,0.7335,0.73347,0.73356,0.73355,-1
20160603  12:57:00,0.73356,0.73355,0.73357,0.73355,0.73347,0.73344,0.73356,0.73354,-1
20160603  12:58:00,0.73356,0.73354,0.73366,0.73364,0.73352,0.73351,0.73357,0.73354,-1
20160603  12:59:00,0.73357,0.73354,0.73357,0.73354,0.73349,0.73347,0.73356,0.73353,-1
20160603  13:00:00,0.73356,0.73353,0.73366,0.73364,0.73354,0.73353,0.73365,0.73364,-1
20160603  13:01:00,0.73365,0.73364,0.73377,0.73376,0.73355,0.73353,0.73377,0.73374,-1
20160603  13:02:00,0.73377,0.73374,0.73379,0.73376,0.73367,0.73364,0.73367,0.73365,-1
20160603  13:03:00,0.73367,0.73365,0.73367,0.73365,0.73339,0.73335,0.7335,0.73347,-1
20160603  13:04:00,0.7335,0.73347,0.73353,0.73352,0.7334,0.73338,0.73348,0.73345,-1
20160603  13:05:00,0.73348,0.73345,0.73356,0.73354,0.73338,0.73335,0.73341,0.73338,-1
20160603  13:06:00,0.73341,0.73338,0.73346,0.73345,0.73326,0.73323,0.73326,0.73323,-1
20160603  13:07:00,0.73326,0.73323,0.73356,0.73355,0.73326,0.73323,0.73348,0.73345,-1
20160603  13:08:00,0.73348,0.73345,0.7335,0.73347,0.73342,0.73338,0.73349,0.73346,-1
20160603  13:09:00,0.73349,0.73346,0.73357,0.73354,0.73348,0.73345,0.73357,0.73353,-1
20160603  13:10:00,0.73357,0.73353,0.73376,0.73375,0.73354,0.73352,0.73371,0.73368,-1
20160603  13:11:00,0.73371,0.73368,0.73378,0.73375,0.73357,0.73354,0.73357,0.73355,-1
20160603  13:12:00,0.73357,0.73355,0.73368,0.73365,0.73357,0.73354,0.7336,0.73357,-1
20160603  13:13:00,0.7336,0.73357,0.73361,0.73357,0.73348,0.73344,0.73357,0.73353,-1
20160603  13:14:00,0.73357,0.73353,0.73357,0.73355,0.73348,0.73345,0.73357,0.73354,-1
20160603  13:15:00,0.73357,0.73354,0.73358,0.73355,0.73348,0.73345,0.73348,0.73345,-1
20160603  13:16:00,0.73348,0.73345,0.73359,0.73355,0.73347,0.73344,0.73351,0.73348,-1
20160603  13:17:00,0.73351,0.73348,0.73352,0.73349,0.73346,0.73344,0.73348,0.73344,-1
20160603  13:18:00,0.73348,0.73344,0.7335,0.73346,0.73347,0.73344,0.73348,0.73345,-1
20160603  13:19:00,0.73348,0.73345,0.73367,0.73364,0.73347,0.73345,0.73367,0.73364,-1
20160603  13:20:00,0.73367,0.73364,0.73384,0.73382,0.73366,0.73364,0.7338,0.73379,-1
20160603  13:21:00,0.7338,0.73379,0.73388,0.73384,0.73379,0.73377,0.73385,0.73381,-1
20160603  13:22:00,0.73385,0.73381,0.73393,0.73389,0.73379,0.73378,0.73392,0.73389,-1
20160603  13:23:00,0.73392,0.73389,0.73404,0.734,0.73392,0.73389,0.73402,0.73398,-1
20160603  13:24:00,0.73402,0.73398,0.73403,0.73399,0.73398,0.73396,0.73401,0.73399,-1
20160603  13:25:00,0.73401,0.73399,0.73404,0.734,0.73398,0.73395,0.73403,0.734,-1
20160603  13:26:00,0.73403,0.734,0.7342,0.73416,0.73401,0.73399,0.73408,0.73406,-1
20160603  13:27:00,0.73408,0.73406,0.7343,0.73427,0.73408,0.73406,0.7343,0.73425,-1
20160603  13:28:00,0.7343,0.73425,0.73431,0.73427,0.7342,0.73415,0.73429,0.73426,-1
20160603  13:29:00,0.73429,0.73426,0.7345,0.73448,0.73428,0.73426,0.73438,0.73435,-1
20160603  13:30:00,0.73438,0.73435,0.73439,0.73438,0.73428,0.73424,0.73438,0.73435,-1
20160603  13:31:00,0.73438,0.73435,0.73445,0.73444,0.73428,0.73425,0.73431,0.73427,-1
20160603  13:32:00,0.73431,0.73427,0.73431,0.73427,0.73419,0.73415,0.73423,0.73419,-1
20160603  13:33:00,0.73423,0.73419,0.73428,0.73425,0.73422,0.73418,0.73428,0.73423,-1
20160603  13:34:00,0.73428,0.73423,0.73428,0.73426,0.73423,0.73422,0.73428,0.73424,-1
20160603  13:35:00,0.73428,0.73424,0.73448,0.73444,0.73428,0.73424,0.73448,0.73444,-1
20160603  13:36:00,0.73448,0.73444,0.73448,0.73446,0.73446,0.73444,0.73446,0.73445,-1
20160603  13:37:00,0.73446,0.73445,0.73458,0.73455,0.73446,0.73445,0.7345,0.73447,-1
20160603  13:38:00,0.7345,0.73447,0.7346,0.73458,0.7344,0.73435,0.7346,0.73458,-1
20160603  13:39:00,0.7346,0.73458,0.73463,0.73461,0.73454,0.73451,0.73458,0.73456,-1
20160603  13:40:00,0.73458,0.73456,0.73471,0.73467,0.73458,0.73456,0.73471,0.73466,-1
20160603  13:41:00,0.73471,0.73466,0.73475,0.7347,0.7347,0.73465,0.73472,0.73469,-1
20160603  13:42:00,0.73472,0.73469,0.73474,0.73471,0.73468,0.73466,0.73472,0.73469,-1
20160603  13:43:00,0.73472,0.73469,0.73483,0.7348,0.73471,0.73469,0.73482,0.73479,-1
20160603  13:44:00,0.73482,0.73479,0.73486,0.73483,0.73481,0.73477,0.73482,0.73478,-1
20160603  13:45:00,0.73482,0.73478,0.73496,0.73493,0.73481,0.73477,0.73491,0.73487,-1
20160603  13:46:00,0.73491,0.73487,0.735,0.73495,0.73491,0.73486,0.73496,0.73495,-1
20160603  13:47:00,0.73496,0.73495,0.73498,0.73497,0.73496,0.73494,0.73498,0.73495,-1
20160603  13:48:00,0.73498,0.73495,0.73509,0.73506,0.73482,0.73478,0.73506,0.73504,-1
20160603  13:49:00,0.73506,0.73504,0.73506,0.73504,0.735,0.73495,0.73501,0.73497,-1
20160603  13:50:00,0.73501,0.73497,0.73508,0.73506,0.735,0.73496,0.73508,0.73506,-1
20160603  13:51:00,0.73508,0.73506,0.73514,0.73513,0.73502,0.73498,0.73512,0.73509,-1
20160603  13:52:00,0.73512,0.73509,0.73518,0.73514,0.73511,0.73508,0.73516,0.73514,-1
20160603  13:53:00,0.73516,0.73514,0.73518,0.73515,0.73514,0.73512,0.73518,0.73513,-1
20160603  13:54:00,0.73518,0.73513,0.73523,0.73522,0.73516,0.73513,0.73519,0.73515,-1
20160603  13:55:00,0.73519,0.73515,0.73528,0.73523,0.73514,0.73511,0.73516,0.73512,-1
20160603  13:56:00,0.73516,0.73512,0.73527,0.73524,0.73515,0.73512,0.73525,0.73524,-1
20160603  13:57:00,0.73525,0.73524,0.73528,0.73524,0.73518,0.73516,0.73522,0.73518,-1
20160603  13:58:00,0.73522,0.73518,0.73524,0.73522,0.73511,0.73507,0.73522,0.73519,-1
20160603  13:59:00,0.73522,0.73519,0.73528,0.73526,0.73517,0.73514,0.73518,0.73514,-1
20160603  14:00:00,0.73518,0.73514,0.7352,0.73519,0.73508,0.73504,0.73508,0.73505,-1
20160603  14:01:00,0.73508,0.73505,0.73508,0.73506,0.73499,0.73496,0.73505,0.73504,-1
20160603  14:02:00,0.73505,0.73504,0.73507,0.73505,0.73505,0.73504,0.73507,0.73505,-1
20160603  14:03:00,0.73507,0.73505,0.73518,0.73514,0.73499,0.73496,0.73518,0.73514,-1
20160603  14:04:00,0.73518,0.73514,0.73519,0.73515,0.73512,0.73511,0.73519,0.73515,-1
20160603  14:05:00,0.73519,0.73515,0.73537,0.73534,0.73517,0.73514,0.73519,0.73515,-1
20160603  14:06:00,0.73519,0.73515,0.73519,0.73515,0.73479,0.73478,0.73489,0.73484,-1
20160603  14:07:00,0.73489,0.73484,0.73501,0.73497,0.73474,0.7347,0.73485,0.73482,-1
20160603  14:08:00,0.73485,0.73482,0.73499,0.73495,0.73479,0.73475,0.73498,0.73494,-1
20160603  14:09:00,0.73498,0.73494,0.73507,0.73503,0.73498,0.73494,0.73504,0.735,-1
20160603  14:10:00,0.73504,0.735,0.73508,0.73504,0.73499,0.73496,0.73508,0.73504,-1
20160603  14:11:00,0.73508,0.73504,0.73509,0.73505,0.73489,0.73486,0.73489,0.73487,-1
20160603  14:12:00,0.73489,0.73487,0.73504,0.73503,0.73486,0.73483,0.73488,0.73486,-1
20160603  14:13:00,0.73488,0.73486,0.73488,0.73486,0.73473,0.73471,0.73475,0.73472,-1
20160603  14:14:00,0.73475,0.73472,0.7348,0.73478,0.73475,0.73472,0.73477,0.73473,-1
20160603  14:15:00,0.73477,0.73473,0.73478,0.73474,0.73476,0.73471,0.73477,0.73473,-1
20160603  14:16:00,0.73477,0.73473,0.7349,0.73486,0.73474,0.73471,0.73488,0.73484,-1
20160603  14:17:00,0.73488,0.73484,0.73498,0.73494,0.73487,0.73484,0.73493,0.73492,-1
20160603  14:18:00,0.73493,0.73492,0.73497,0.73494,0.73487,0.73483,0.73493,0.73491,-1
20160603  14:19:00,0.73493,0.73491,0.73497,0.73494,0.73488,0.73485,0.7349,0.73487,-1
20160603  14:20:00,0.7349,0.73487,0.73507,0.73505,0.73489,0.73487,0.73507,0.73505,-1
20160603  14:21:00,0.73507,0.73505,0.73508,0.73506,0.73502,0.735,0.73507,0.73506,-1
20160603  14:22:00,0.73507,0.73506,0.73517,0.73514,0.73506,0.73503,0.73509,0.73505,-1
20160603  14:23:00,0.73509,0.73505,0.73509,0.73505,0.73499,0.73496,0.73505,0.73503,-1
20160603  14:24:00,0.73505,0.73503,0.73519,0.73518,0.73505,0.73503,0.73519,0.73517,-1
20160603  14:25:00,0.73519,0.73517,0.73528,0.73526,0.73519,0.73517,0.73527,0.73525,-1
20160603  14:26:00,0.73527,0.73525,0.73527,0.73525,0.73503,0.73501,0.73507,0.73504,-1
20160603  14:27:00,0.73507,0.73504,0.73518,0.73515,0.73505,0.73503,0.73516,0.73512,-1
20160603  14:28:00,0.73516,0.73512,0.73528,0.73523,0.73508,0.73504,0.73524,0.73519,-1
20160603  14:29:00,0.73524,0.73519,0.73536,0.73532,0.73516,0.73512,0.73527,0.73523,-1
20160603  14:30:00,0.73527,0.73523,0.73535,0.73531,0.73524,0.73523,0.73529,0.73524,-1
20160603  14:31:00,0.73529,0.73524,0.73537,0.73533,0.73527,0.73523,0.73527,0.73524,-1
20160603  14:32:00,0.73527,0.73524,0.73529,0.73524,0.73527,0.73523,0.73529,0.73524,-1
20160603  14:33:00,0.73529,0.73524,0.73538,0.73533,0.73529,0.73524,0.73538,0.73533,-1
20160603  14:34:00,0.73538,0.73533,0.73538,0.73534,0.73527,0.73524,0.73536,0.73534,-1
20160603  14:35:00,0.73536,0.73534,0.73549,0.73546,0.73536,0.73534,0.73548,0.73544,-1
20160603  14:36:00,0.73548,0.73544,0.73549,0.73546,0.73525,0.73522,0.73533,0.73531,-1
20160603  14:37:00,0.73533,0.73531,0.73534,0.73532,0.73523,0.73519,0.73524,0.73521,-1
20160603  14:38:00,0.73524,0.73521,0.73541,0.73538,0.73522,0.73519,0.73541,0.73538,-1
20160603  14:39:00,0.73541,0.73538,0.73544,0.73542,0.7353,0.73528,0.73532,0.73529,-1
20160603  14:40:00,0.73532,0.73529,0.73552,0.73548,0.73532,0.73529,0.73551,0.73548,-1
20160603  14:41:00,0.73551,0.73548,0.73566,0.73564,0.73549,0.73546,0.73563,0.73559,-1
20160603  14:42:00,0.73563,0.73559,0.73569,0.73565,0.73559,0.73556,0.73562,0.73558,-1
20160603  14:43:00,0.73562,0.73558,0.7357,0.73569,0.73562,0.73557,0.73569,0.73566,-1
20160603  14:44:00,0.73569,0.73566,0.73569,0.73566,0.73559,0.73555,0.73561,0.73558,-1
20160603  14:45:00,0.73561,0.73558,0.73562,0.73558,0.73561,0.73556,0.73562,0.73558,-1
20160603  14:46:00,0.73562,0.73558,0.73569,0.73565,0.73561,0.73557,0.73562,0.73557,-1
20160603  14:47:00,0.73562,0.73557,0.73563,0.73558,0.73559,0.73556,0.73559,0.73556,-1
20160603  14:48:00,0.73559,0.73556,0.73579,0.73575,0.73559,0.73556,0.73579,0.73575,-1
20160603  14:49:00,0.73579,0.73575,0.73605,0.73603,0.73578,0.73575,0.73589,0.73585,-1
20160603  14:50:00,0.73589,0.73585,0.73602,0.73599,0.73589,0.73585,0.73601,0.73597,-1
20160603  14:51:00,0.73601,0.73597,0.73602,0.73598,0.73591,0.73587,0.73596,0.73591,-1
20160603  14:52:00,0.73596,0.73591,0.73608,0.73604,0.73595,0.73591,0.73607,0.73604,-1
20160603  14:53:00,0.73607,0.73604,0.7361,0.73605,0.73597,0.73596,0.73607,0.73605,-1
20160603  14:54:00,0.73607,0.73605,0.73615,0.73611,0.73607,0.73604,0.73611,0.73607,-1
20160603  14:55:00,0.73611,0.73607,0.73621,0.73618,0.7361,0.73606,0.73621,0.73618,-1
20160603  14:56:00,0.73621,0.73618,0.73629,0.73628,0.73619,0.73615,0.73627,0.73626,-1
20160603  14:57:00,0.73627,0.73626,0.73637,0.73634,0.73627,0.73626,0.73637,0.73634,-1
20160603  14:58:00,0.73637,0.73634,0.73638,0.73635,0.73631,0.73628,0.73636,0.73634,-1
20160603  14:59:00,0.73636,0.73634,0.73662,0.73658,0.73629,0.73626,0.73659,0.73656,-1
20160603  15:00:00,0.73659,0.73656,0.73659,0.73656,0.73623,0.73622,0.73626,0.73623,-1
20160603  15:01:00,0.73626,0.73623,0.73626,0.73625,0.73606,0.73604,0.73608,0.73605,-1
20160603  15:02:00,0.73608,0.73605,0.73614,0.73611,0.73599,0.73595,0.73601,0.73596,-1
20160603  15:03:00,0.73601,0.73596,0.73601,0.73599,0.73598,0.73594,0.736,0.73597,-1
20160603  15:04:00,0.736,0.73597,0.73602,0.736,0.73587,0.73583,0.73588,0.73583,-1
20160603  15:05:00,0.73588,0.73583,0.73588,0.73587,0.73586,0.73582,0.73588,0.73585,-1
20160603  15:06:00,0.73588,0.73585,0.73588,0.73585,0.73577,0.73575,0.73587,0.73584,-1
20160603  15:07:00,0.73587,0.73584,0.73587,0.73584,0.73577,0.73575,0.73577,0.73575,-1
20160603  15:08:00,0.73577,0.73575,0.73578,0.73577,0.73576,0.73574,0.73578,0.73574,-1
20160603  15:09:00,0.73578,0.73574,0.73579,0.73577,0.73577,0.73573,0.73578,0.73574,-1
20160603  15:10:00,0.73578,0.73574,0.73579,0.73576,0.73576,0.73573,0.73578,0.73573,-1
20160603  15:11:00,0.73578,0.73573,0.73579,0.73577,0.73577,0.73573,0.73578,0.73575,-1
20160603  15:12:00,0.73578,0.73575,0.73579,0.73575,0.73567,0.73565,0.73578,0.73575,-1
20160603  15:13:00,0.73578,0.73575,0.73578,0.73575,0.73558,0.73554,0.73568,0.73566,-1
20160603  15:14:00,0.73568,0.73566,0.73579,0.73576,0.73564,0.73563,0.73575,0.73571,-1
20160603  15:15:00,0.73575,0.73571,0.73578,0.73575,0.73569,0.73566,0.73572,0.73568,-1
20160603  15:16:00,0.73572,0.73568,0.73572,0.73568,0.73567,0.73565,0.73568,0.73566,-1
20160603  15:17:00,0.73568,0.73566,0.7357,0.73566,0.73549,0.73544,0.73558,0.73554,-1
20160603  15:18:00,0.73558,0.73554,0.7358,0.73576,0.73558,0.73554,0.73577,0.73575,-1
20160603  15:19:00,0.73577,0.73575,0.73578,0.73576,0.73569,0.73565,0.73578,0.73574,-1
20160603  15:20:00,0.73578,0.73574,0.73586,0.73584,0.73575,0.73573,0.73586,0.73584,-1
20160603  15:21:00,0.73586,0.73584,0.73588,0.73584,0.73567,0.73564,0.73567,0.73564,-1
20160603  15:22:00,0.73567,0.73564,0.73571,0.73568,0.73566,0.73564,0.7357,0.73565,-1
20160603  15:23:00,0.7357,0.73565,0.7357,0.73566,0.73567,0.73565,0.73568,0.73565,-1
20160603  15:24:00,0.73568,0.73565,0.73568,0.73565,0.73568,0.73565,0.73568,0.73565,-1
20160603  15:25:00,0.73568,0.73565,0.73568,0.73565,0.73565,0.73563,0.73568,0.73565,-1
20160603  15:26:00,0.73568,0.73565,0.73568,0.73566,0.73568,0.73564,0.73568,0.73564,-1
20160603  15:27:00,0.73568,0.73564,0.7357,0.73566,0.73562,0.73557,0.73568,0.73564,-1
20160603  15:28:00,0.73568,0.73564,0.7357,0.73569,0.73565,0.73563,0.73569,0.73567,-1
20160603  15:29:00,0.73569,0.73567,0.73612,0.73608,0.73568,0.73567,0.73609,0.73608,-1
20160603  15:30:00,0.73609,0.73608,0.73624,0.73621,0.73608,0.73606,0.73621,0.73619,-1
20160603  15:31:00,0.73621,0.73619,0.73629,0.73626,0.73621,0.73617,0.73622,0.73619,-1
20160603  15:32:00,0.73622,0.73619,0.73631,0.7363,0.73619,0.73616,0.73631,0.7363,-1
20160603  15:33:00,0.73631,0.7363,0.73639,0.73637,0.7363,0.73626,0.73638,0.73636,-1
20160603  15:34:00,0.73638,0.73636,0.73645,0.73641,0.73636,0.73634,0.73638,0.73635,-1
20160603  15:35:00,0.73638,0.73635,0.73649,0.73648,0.73638,0.73635,0.73649,0.73647,-1
20160603  15:36:00,0.73649,0.73647,0.73679,0.73676,0.73649,0.73645,0.73669,0.73668,-1
20160603  15:37:00,0.73669,0.73668,0.73679,0.73676,0.73669,0.73667,0.73673,0.73669,-1
20160603  15:38:00,0.73673,0.73669,0.73675,0.73671,0.73667,0.73663,0.73669,0.73664,-1
20160603  15:39:00,0.73669,0.73664,0.7367,0.73666,0.73664,0.73661,0.73668,0.73664,-1
20160603  15:40:00,0.73668,0.73664,0.73668,0.73664,0.73658,0.73655,0.73658,0.73655,-1
20160603  15:41:00,0.73658,0.73655,0.73671,0.73666,0.73657,0.73654,0.73669,0.73665,-1
20160603  15:42:00,0.73669,0.73665,0.7367,0.73665,0.73669,0.73664,0.73669,0.73665,-1
20160603  15:43:00,0.73669,0.73665,0.7367,0.73669,0.73648,0.73645,0.73651,0.73649,-1
20160603  15:44:00,0.73651,0.73649,0.73659,0.73655,0.73651,0.73649,0.73658,0.73654,-1
20160603  15:45:00,0.73658,0.73654,0.73659,0.73655,0.73649,0.73645,0.73658,0.73655,-1
20160603  15:46:00,0.73658,0.73655,0.73669,0.73664,0.73658,0.73654,0.7366,0.73655,-1
20160603  15:47:00,0.7366,0.73655,0.7367,0.73668,0.73659,0.73655,0.73669,0.73664,-1
20160603  15:48:00,0.73669,0.73664,0.73669,0.73668,0.7366,0.73655,0.7366,0.73656,-1
20160603  15:49:00,0.7366,0.73656,0.73661,0.73658,0.73659,0.73654,0.7366,0.73656,-1
20160603  15:50:00,0.7366,0.73656,0.73661,0.73658,0.73658,0.73654,0.73661,0.73656,-1
20160603  15:51:00,0.73661,0.73656,0.7367,0.73668,0.73661,0.73656,0.7367,0.73668,-1
20160603  15:52:00,0.7367,0.73668,0.73672,0.73668,0.73662,0.73657,0.73668,0.73663,-1
20160603  15:53:00,0.73668,0.73663,0.73669,0.73666,0.73668,0.73663,0.73669,0.73665,-1
20160603  15:54:00,0.73669,0.73665,0.73669,0.73667,0.73659,0.73654,0.73659,0.73657,-1
20160603  15:55:00,0.73659,0.73657,0.73659,0.73657,0.73647,0.73644,0.73651,0.73647,-1
20160603  15:56:00,0.73651,0.73647,0.73655,0.7365,0.73646,0.73643,0.73652,0.73647,-1
20160603  15:57:00,0.73652,0.73647,0.7366,0.73658,0.73652,0.73647,0.7366,0.73656,-1
20160603  15:58:00,0.7366,0.73656,0.73663,0.73661,0.73656,0.73652,0.73657,0.73653,-1
20160603  15:59:00,0.73657,0.73653,0.73678,0.73674,0.73657,0.73653,0.73671,0.73666,-1
20160603  16:00:00,0.73671,0.73666,0.73678,0.73671,0.73663,0.7366,0.73663,0.73661,-1
20160603  16:01:00,0.73663,0.73661,0.73664,0.73661,0.73657,0.73652,0.73657,0.73655,-1
20160603  16:02:00,0.73657,0.73655,0.7366,0.73659,0.73654,0.73649,0.73654,0.73651,-1
20160603  16:03:00,0.73654,0.73651,0.73657,0.73653,0.7365,0.73645,0.73655,0.73653,-1
20160603  16:04:00,0.73655,0.73653,0.73657,0.73655,0.73645,0.7364,0.73647,0.73644,-1
20160603  16:05:00,0.73647,0.73644,0.73647,0.73645,0.73647,0.73641,0.73647,0.73642,-1
20160603  16:06:00,0.73647,0.73642,0.73647,0.73642,0.73645,0.7364,0.73645,0.7364,-1
20160603  16:07:00,0.73645,0.7364,0.73647,0.73643,0.73644,0.7364,0.73647,0.73642,-1
20160603  16:08:00,0.73647,0.73642,0.7366,0.73653,0.73647,0.73642,0.73658,0.73653,-1
20160603  16:09:00,0.73658,0.73653,0.73672,0.73666,0.73657,0.73653,0.7367,0.73664,-1
20160603  16:10:00,0.7367,0.73664,0.73673,0.73666,0.73668,0.73664,0.73673,0.73665,-1
20160603  16:11:00,0.73673,0.73665,0.73674,0.73668,0.73672,0.73665,0.73673,0.73667,-1
20160603  16:12:00,0.73673,0.73667,0.73675,0.73669,0.73673,0.73667,0.73674,0.73668,-1
20160603  16:13:00,0.73674,0.73668,0.73675,0.73668,0.73673,0.73666,0.73673,0.73667,-1
20160603  16:14:00,0.73673,0.73667,0.73674,0.73668,0.73672,0.73664,0.73672,0.73665,-1
20160603  16:15:00,0.73672,0.73665,0.73672,0.73665,0.73669,0.73663,0.7367,0.73663,-1
20160603  16:16:00,0.7367,0.73663,0.7367,0.73663,0.73668,0.73662,0.7367,0.73662,-1
20160603  16:17:00,0.7367,0.73662,0.7367,0.73664,0.73665,0.73662,0.73665,0.73662,-1
20160603  16:18:00,0.73665,0.73662,0.73665,0.73662,0.7366,0.73651,0.73662,0.73651,-1
20160603  16:19:00,0.73662,0.73651,0.73662,0.73651,0.73658,0.73651,0.73661,0.73651,-1
20160603  16:20:00,0.73661,0.73651,0.73662,0.73652,0.73649,0.73643,0.73652,0.7365,-1
20160603  16:21:00,0.73652,0.7365,0.73655,0.7365,0.73646,0.7364,0.73648,0.7364,-1
20160603  16:22:00,0.73648,0.7364,0.73648,0.7364,0.73645,0.7364,0.73648,0.7364,-1
20160603  16:23:00,0.73648,0.7364,0.73648,0.7364,0.73637,0.73628,0.73637,0.73628,-1
20160603  16:24:00,0.73637,0.73628,0.7364,0.7363,0.73636,0.73626,0.7364,0.73629,-1
20160603  16:25:00,0.7364,0.73629,0.73649,0.7364,0.7364,0.73629,0.73649,0.73638,-1
20160603  16:26:00,0.73649,0.73638,0.73655,0.7365,0.73648,0.73638,0.73653,0.73644,-1
20160603  16:27:00,0.73653,0.73644,0.73659,0.73651,0.73651,0.73642,0.73659,0.73651,-1
20160603  16:28:00,0.73659,0.73651,0.73665,0.7366,0.73658,0.7365,0.7366,0.73651,-1
20160603  16:29:00,0.7366,0.73651,0.73665,0.73659,0.7366,0.73651,0.73662,0.73657,-1
20160603  16:30:00,0.73662,0.73657,0.7367,0.73662,0.7366,0.73652,0.7367,0.73662,-1
20160603  16:31:00,0.7367,0.73662,0.73679,0.73673,0.73668,0.73661,0.73676,0.73671,-1
20160603  16:32:00,0.73676,0.73671,0.73677,0.73671,0.73666,0.73658,0.73669,0.73662,-1
20160603  16:33:00,0.73669,0.73662,0.73669,0.73663,0.73666,0.73659,0.73667,0.73659,-1
20160603  16:34:00,0.73667,0.73659,0.73667,0.73659,0.73657,0.73652,0.73657,0.73652,-1
20160603  16:35:00,0.73657,0.73652,0.73667,0.7366,0.73657,0.73652,0.73666,0.7366,-1
20160603  16:36:00,0.73666,0.7366,0.73679,0.7367,0.73665,0.7366,0.73677,0.73669,-1
20160603  16:37:00,0.73677,0.73669,0.73677,0.73669,0.73672,0.73667,0.73672,0.73669,-1
20160603  16:38:00,0.73672,0.73669,0.73674,0.7367,0.73672,0.73664,0.73672,0.73666,-1
20160603  16:39:00,0.73672,0.73666,0.73674,0.73667,0.73672,0.73666,0.73672,0.73666,-1
20160603  16:40:00,0.73672,0.73666,0.73675,0.73668,0.7367,0.73663,0.73673,0.73666,-1
20160603  16:41:00,0.73673,0.73666,0.73673,0.73667,0.73658,0.73649,0.73664,0.73658,-1
20160603  16:42:00,0.73664,0.73658,0.73666,0.7366,0.73662,0.73657,0.73665,0.73658,-1
20160603  16:43:00,0.73665,0.73658,0.73665,0.7366,0.7366,0.73654,0.73661,0.73654,-1
20160603  16:44:00,0.73661,0.73654,0.73661,0.73654,0.73647,0.73639,0.73651,0.73643,-1
20160603  16:45:00,0.73651,0.73643,0.7366,0.73652,0.7365,0.73641,0.73651,0.73644,-1
20160603  16:46:00,0.73651,0.73644,0.73659,0.73653,0.73649,0.73642,0.73654,0.73644,-1
20160603  16:47:00,0.73654,0.73644,0.73666,0.73657,0.73653,0.73644,0.73666,0.73655,-1
20160603  16:48:00,0.73666,0.73655,0.73675,0.73671,0.73665,0.73655,0.73675,0.7367,-1
20160603  16:49:00,0.73675,0.7367,0.73683,0.73675,0.73675,0.7367,0.7368,0.73672,-1
20160603  16:50:00,0.7368,0.73672,0.7369,0.73682,0.73675,0.7367,0.73683,0.73675,-1
20160603  16:51:00,0.73683,0.73675,0.73683,0.73675,0.73675,0.73668,0.73682,0.7367,-1
20160603  16:52:00,0.73682,0.7367,0.73682,0.73671,0.73669,0.7366,0.73674,0.7366,-1
20160603  16:53:00,0.73674,0.7366,0.73682,0.7367,0.73673,0.73659,0.73681,0.7367,-1
20160603  16:54:00,0.73681,0.7367,0.7369,0.7368,0.73669,0.73658,0.73669,0.73658,-1
20160603  16:55:00,0.73669,0.73658,0.73673,0.7366,0.73647,0.73627,0.73651,0.7364,-1
20160603  16:56:00,0.73651,0.7364,0.73658,0.7364,0.73649,0.73626,0.73655,0.73628,-1
20160603  16:57:00,0.73655,0.73628,0.73665,0.73646,0.73653,0.73626,0.73663,0.73645,-1
20160603  16:58:00,0.73663,0.73645,0.73678,0.73665,0.73656,0.73644,0.73674,0.73652,-1
20160603  16:59:00,0.73674,0.73652,0.73685,0.7368,0.73671,0.73652,0.7368,0.73664,-1
