1,4000,Long,2016-01-05T02:00:00Z,2016-01-05T02:27:00Z,0.720238,2016-01-05T15:00:00Z,0.715238,-20
3,4000,Long,2016-01-05T22:15:00Z,2016-01-06T01:16:00Z,0.7154612,2016-01-06T06:29:00Z,0.7104612,-20
4,4000,Long,2016-01-06T10:00:00Z,2016-01-06T10:29:00Z,0.706308,2016-01-06T14:08:00Z,0.708728,9.67999999999991
6,4000,Long,2016-01-06T22:15:00Z,2016-01-07T01:16:00Z,0.7058204,2016-01-07T01:16:00Z,0.7082864,9.86399999999987
8,4000,Long,2016-01-07T06:00:00Z,2016-01-07T08:54:00Z,0.7021468,2016-01-08T01:15:00Z,0.7040688,7.68799999999992
10,4000,Long,2016-01-08T06:00:00Z,2016-01-08T07:53:00Z,0.7039396,2016-01-08T13:30:00Z,0.6989396,-20
11,4000,Long,2016-01-08T14:00:00Z,2016-01-08T14:10:00Z,0.699618,2016-01-10T22:18:00Z,0.694618,-20
14,4000,Long,2016-01-11T10:00:00Z,2016-01-11T10:38:00Z,0.6997528,2016-01-11T13:06:00Z,0.7017648,8.04800000000006
15,4000,Long,2016-01-11T14:00:00Z,2016-01-11T14:50:00Z,0.7010468,2016-01-12T06:43:00Z,0.6960468,-20
17,4000,Long,2016-01-12T14:00:00Z,2016-01-12T15:22:00Z,0.6995444,2016-01-13T00:43:00Z,0.7013204,7.104
19,4000,Long,2016-01-13T06:00:00Z,2016-01-13T07:00:00Z,0.7012744,2016-01-13T08:07:00Z,0.7034504,8.70399999999982
20,4000,Long,2016-01-13T10:00:00Z,2016-01-13T13:01:00Z,0.701554,2016-01-13T18:59:00Z,0.696554,-20
21,4000,Long,2016-01-13T22:15:00Z,2016-01-13T23:16:00Z,0.6944644,2016-01-14T06:38:00Z,0.6964404,7.90399999999991
22,4000,Long,2016-01-14T10:00:00Z,2016-01-14T10:32:00Z,0.69181,2016-01-14T12:35:00Z,0.69426,9.79999999999981
23,4000,Long,2016-01-14T14:00:00Z,2016-01-14T14:59:00Z,0.6940032,2016-01-14T15:31:00Z,0.6963312,9.31199999999999
25,4000,Long,2016-01-14T22:15:00Z,2016-01-15T01:23:00Z,0.697456,2016-01-15T07:06:00Z,0.692456,-20
26,4000,Long,2016-01-15T10:00:00Z,2016-01-15T10:37:00Z,0.6870944,2016-01-15T14:37:00Z,0.6897204,10.5040000000001
30,4000,Long,2016-01-18T06:00:00Z,2016-01-18T09:08:00Z,0.6883816,2016-01-19T06:01:00Z,0.6909956,10.456
32,4000,Long,2016-01-19T14:00:00Z,2016-01-19T14:33:00Z,0.6917932,2016-01-20T03:25:00Z,0.6867932,-20
33,4000,Long,2016-01-20T06:00:00Z,2016-01-20T06:09:00Z,0.6851336,2016-01-20T13:46:00Z,0.6871776,8.17600000000018
34,4000,Long,2016-01-20T14:00:00Z,2016-01-20T14:42:00Z,0.6863868,2016-01-20T18:44:00Z,0.6885588,8.68799999999981
36,4000,Long,2016-01-21T02:00:00Z,2016-01-21T03:38:00Z,0.692184,2016-01-21T15:41:00Z,0.694794,10.44
38,4000,Long,2016-01-21T22:15:00Z,2016-01-22T01:43:00Z,0.699146,2016-01-22T05:35:00Z,0.701986,11.3599999999998
43,4000,Long,2016-01-24T22:15:00Z,2016-01-25T00:01:00Z,0.6999848,2016-01-25T03:09:00Z,0.7011768,4.76799999999988
44,4000,Long,2016-01-25T06:00:00Z,2016-01-25T07:15:00Z,0.7009136,2016-01-25T20:35:00Z,0.6959136,-20
45,4000,Long,2016-01-25T22:15:00Z,2016-01-25T22:34:00Z,0.6944136,2016-01-26T02:40:00Z,0.6960576,6.57599999999992
46,4000,Long,2016-01-26T06:00:00Z,2016-01-26T06:11:00Z,0.69403,2016-01-26T09:13:00Z,0.69583,7.2000000000001
47,4000,Long,2016-01-26T10:00:00Z,2016-01-26T10:23:00Z,0.6957352,2016-01-26T10:55:00Z,0.6972432,6.03199999999982
49,4000,Long,2016-01-26T18:00:00Z,2016-01-26T21:33:00Z,0.7007292,2016-01-27T00:30:00Z,0.7027472,8.07199999999986
50,4000,Long,2016-01-27T02:00:00Z,2016-01-27T03:35:00Z,0.7012388,2016-01-27T06:25:00Z,0.7036908,9.80800000000004
52,4000,Long,2016-01-27T14:00:00Z,2016-01-27T15:01:00Z,0.7051604,2016-01-27T16:33:00Z,0.7066764,6.06399999999985
53,4000,Long,2016-01-27T18:00:00Z,2016-01-27T18:54:00Z,0.7054948,2016-01-27T20:14:00Z,0.7004948,-20
54,4000,Long,2016-01-27T22:15:00Z,2016-01-27T23:54:00Z,0.7016748,2016-01-28T01:12:00Z,0.7034668,7.16800000000006
55,4000,Long,2016-01-28T02:00:00Z,2016-01-28T03:02:00Z,0.7037104,2016-01-28T06:09:00Z,0.7053264,6.4639999999998
56,4000,Long,2016-01-28T10:00:00Z,2016-01-28T10:52:00Z,0.7076696,2016-01-28T13:59:00Z,0.7094536,7.13600000000003
57,4000,Long,2016-01-28T14:00:00Z,2016-01-28T15:31:00Z,0.7083516,2016-01-29T02:45:00Z,0.7102156,7.45599999999991
58,4000,Long,2016-01-29T06:00:00Z,2016-01-29T08:22:00Z,0.7114776,2016-01-29T16:32:00Z,0.7064776,-20
59,4000,Long,2016-01-29T18:00:00Z,2016-01-29T19:57:00Z,0.7070012,2016-02-01T15:36:00Z,0.7086492,6.59199999999993
61,4000,Long,2016-02-01T22:15:00Z,2016-02-01T22:33:00Z,0.710354,2016-02-02T03:30:00Z,0.711914,6.24000000000002
62,4000,Long,2016-02-02T06:00:00Z,2016-02-02T06:07:00Z,0.706634,2016-02-02T07:35:00Z,0.707994,5.44000000000011
65,4000,Long,2016-02-02T18:00:00Z,2016-02-02T19:22:00Z,0.7050264,2016-02-03T11:18:00Z,0.7068324,7.2239999999999
72,4000,Long,2016-02-04T14:00:00Z,2016-02-04T17:21:00Z,0.7209144,2016-02-05T13:45:00Z,0.7159144,-20
73,4000,Long,2016-02-05T14:00:00Z,2016-02-05T14:04:00Z,0.7138196,2016-02-05T15:58:00Z,0.7088196,-20
76,4000,Long,2016-02-08T02:00:00Z,2016-02-08T02:43:00Z,0.7075392,2016-02-08T07:30:00Z,0.7106572,12.4719999999998
77,4000,Long,2016-02-08T10:00:00Z,2016-02-08T12:41:00Z,0.7072992,2016-02-08T17:18:00Z,0.7104172,12.4719999999998
78,4000,Long,2016-02-08T18:00:00Z,2016-02-08T19:01:00Z,0.708934,2016-02-09T00:52:00Z,0.703934,-20
79,4000,Long,2016-02-09T02:00:00Z,2016-02-09T02:30:00Z,0.7030948,2016-02-09T07:37:00Z,0.7050868,7.96799999999998
80,4000,Long,2016-02-09T10:00:00Z,2016-02-09T12:10:00Z,0.7022124,2016-02-09T14:39:00Z,0.7040084,7.18400000000008
81,4000,Long,2016-02-09T18:00:00Z,2016-02-09T18:17:00Z,0.7060764,2016-02-10T07:16:00Z,0.7085824,10.024
82,4000,Long,2016-02-10T10:00:00Z,2016-02-10T11:55:00Z,0.7094064,2016-02-11T00:31:00Z,0.7123124,11.6239999999999
83,4000,Long,2016-02-11T02:00:00Z,2016-02-11T03:23:00Z,0.7098632,2016-02-11T08:24:00Z,0.7048632,-20
90,4000,Long,2016-02-12T10:00:00Z,2016-02-12T13:13:00Z,0.7091348,2016-02-12T17:37:00Z,0.7111268,7.96799999999998
93,4000,Long,2016-02-15T02:00:00Z,2016-02-15T02:03:00Z,0.7124728,2016-02-15T02:51:00Z,0.7138848,5.64799999999988
94,4000,Long,2016-02-15T06:00:00Z,2016-02-15T06:44:00Z,0.715554,2016-02-16T00:57:00Z,0.717714,8.6400000000002
95,4000,Long,2016-02-16T02:00:00Z,2016-02-16T04:30:00Z,0.7157364,2016-02-16T07:41:00Z,0.7170924,5.4240000000001
96,4000,Long,2016-02-16T10:00:00Z,2016-02-16T10:38:00Z,0.715588,2016-02-16T12:30:00Z,0.716608,4.08000000000008
97,4000,Long,2016-02-16T14:00:00Z,2016-02-16T14:02:00Z,0.713978,2016-02-16T14:14:00Z,0.714998,4.08000000000008
98,4000,Long,2016-02-16T18:00:00Z,2016-02-16T18:52:00Z,0.7089752,2016-02-16T21:48:00Z,0.7109832,8.03200000000004
99,4000,Long,2016-02-16T22:15:00Z,2016-02-17T01:20:00Z,0.7098852,2016-02-17T10:00:00Z,0.7118932,8.03200000000004
102,4000,Long,2016-02-17T22:15:00Z,2016-02-17T23:09:00Z,0.7170488,2016-02-19T01:43:00Z,0.7120488,-20
103,4000,Long,2016-02-19T02:00:00Z,2016-02-19T03:26:00Z,0.7095564,2016-02-19T05:06:00Z,0.7109624,5.62400000000007
104,4000,Long,2016-02-19T06:00:00Z,2016-02-19T07:39:00Z,0.7102284,2016-02-19T08:05:00Z,0.7118144,6.34399999999991
105,4000,Long,2016-02-19T10:00:00Z,2016-02-19T13:30:00Z,0.7097384,2016-02-19T16:27:00Z,0.7113244,6.34399999999991
107,4000,Long,2016-02-21T22:15:00Z,2016-02-21T22:51:00Z,0.7140328,2016-02-22T01:04:00Z,0.7158948,7.44800000000012
109,4000,Long,2016-02-22T06:00:00Z,2016-02-22T07:13:00Z,0.7161048,2016-02-22T08:08:00Z,0.7182968,8.76799999999989
113,4000,Long,2016-02-22T22:15:00Z,2016-02-23T01:36:00Z,0.7214928,2016-02-23T05:36:00Z,0.7237048,8.84799999999997
116,4000,Long,2016-02-23T14:00:00Z,2016-02-23T14:07:00Z,0.7227512,2016-02-24T03:18:00Z,0.7177512,-20
117,4000,Long,2016-02-24T06:00:00Z,2016-02-24T09:23:00Z,0.717334,2016-02-24T18:25:00Z,0.719194,7.43999999999989
118,4000,Long,2016-02-24T22:15:00Z,2016-02-24T22:55:00Z,0.7189364,2016-02-25T12:05:00Z,0.7202924,5.4240000000001
119,4000,Long,2016-02-25T14:00:00Z,2016-02-25T14:11:00Z,0.7200168,2016-02-25T18:24:00Z,0.7214388,5.68800000000014
120,4000,Long,2016-02-25T22:15:00Z,2016-02-25T22:34:00Z,0.7230084,2016-02-26T00:52:00Z,0.7247444,6.94399999999984
121,4000,Long,2016-02-26T02:00:00Z,2016-02-26T03:08:00Z,0.7234252,2016-02-26T15:00:00Z,0.7184252,-20
123,4000,Long,2016-02-28T22:15:00Z,2016-02-28T22:15:00Z,0.7119404,2016-02-29T10:00:00Z,0.7147064,11.0640000000002
125,4000,Long,2016-02-29T18:00:00Z,2016-02-29T18:11:00Z,0.71428,2016-03-01T06:18:00Z,0.71548,4.79999999999992
126,4000,Long,2016-03-01T10:00:00Z,2016-03-01T10:04:00Z,0.7134164,2016-03-01T10:31:00Z,0.7150724,6.62399999999996
127,4000,Long,2016-03-01T14:00:00Z,2016-03-01T14:33:00Z,0.7152864,2016-03-01T16:29:00Z,0.7169424,6.62399999999996
129,4000,Long,2016-03-01T22:15:00Z,2016-03-02T00:10:00Z,0.7167564,2016-03-02T00:30:00Z,0.7184124,6.62399999999996
131,4000,Long,2016-03-02T06:00:00Z,2016-03-02T07:55:00Z,0.7221564,2016-03-02T15:15:00Z,0.7246124,9.82400000000005
135,4000,Long,2016-03-03T06:00:00Z,2016-03-03T08:25:00Z,0.7303352,2016-03-03T10:42:00Z,0.7327432,9.63199999999986
138,4000,Long,2016-03-03T22:15:00Z,2016-03-04T00:41:00Z,0.7345828,2016-03-04T03:11:00Z,0.7364448,7.44800000000012
143,4000,Long,2016-03-06T22:15:00Z,2016-03-07T00:21:00Z,0.7403112,2016-03-07T12:12:00Z,0.7424592,8.59200000000016
145,4000,Long,2016-03-07T18:00:00Z,2016-03-07T18:18:00Z,0.747184,2016-03-08T02:37:00Z,0.742184,-20
146,4000,Long,2016-03-08T06:00:00Z,2016-03-08T06:30:00Z,0.741624,2016-03-08T08:16:00Z,0.743484,7.43999999999989
148,4000,Long,2016-03-08T14:00:00Z,2016-03-08T14:05:00Z,0.7459464,2016-03-09T09:24:00Z,0.7474524,6.02400000000003
149,4000,Long,2016-03-09T10:00:00Z,2016-03-09T13:43:00Z,0.7468728,2016-03-09T14:05:00Z,0.7483848,6.04799999999983
150,4000,Long,2016-03-09T18:00:00Z,2016-03-09T20:00:00Z,0.7498604,2016-03-10T14:33:00Z,0.7448604,-20
160,4000,Long,2016-03-14T05:00:00Z,2016-03-14T05:45:00Z,0.7573884,2016-03-14T08:26:00Z,0.7523884,-20
162,4000,Long,2016-03-14T13:00:00Z,2016-03-14T13:35:00Z,0.7532576,2016-03-15T01:46:00Z,0.7482576,-20
163,4000,Long,2016-03-15T05:00:00Z,2016-03-15T07:20:00Z,0.7476168,2016-03-16T12:30:00Z,0.7426168,-20
165,4000,Long,2016-03-16T17:00:00Z,2016-03-16T17:59:00Z,0.742832,2016-03-16T17:59:00Z,0.744062,4.91999999999981
166,4000,Long,2016-03-16T21:15:00Z,2016-03-16T22:30:00Z,0.7545456,2016-03-17T00:30:00Z,0.7574696,11.6960000000002
169,4000,Long,2016-03-17T09:00:00Z,2016-03-17T12:07:00Z,0.7612076,2016-03-18T01:06:00Z,0.7659116,18.8160000000002
170,4000,Long,2016-03-18T05:00:00Z,2016-03-18T07:08:00Z,0.7634292,2016-03-21T00:32:00Z,0.7584292,-20
171,4000,Long,2016-03-21T01:00:00Z,2016-03-21T01:21:00Z,0.7575336,2016-03-21T02:42:00Z,0.7594776,7.77600000000023
172,4000,Long,2016-03-21T05:00:00Z,2016-03-21T07:32:00Z,0.7572364,2016-03-21T08:06:00Z,0.7590924,7.42399999999988
173,4000,Long,2016-03-21T09:00:00Z,2016-03-21T11:53:00Z,0.7609256,2016-03-22T08:33:00Z,0.7559256,-20
175,4000,Long,2016-03-22T13:00:00Z,2016-03-22T13:15:00Z,0.7592424,2016-03-22T13:28:00Z,0.7606384,5.58399999999981
177,4000,Long,2016-03-22T21:15:00Z,2016-03-23T00:03:00Z,0.7612248,2016-03-23T00:51:00Z,0.7630668,7.36800000000004
178,4000,Long,2016-03-23T01:00:00Z,2016-03-23T02:06:00Z,0.7625448,2016-03-23T12:14:00Z,0.7575448,-20
179,4000,Long,2016-03-23T13:00:00Z,2016-03-23T14:03:00Z,0.755252,2016-03-24T00:54:00Z,0.750252,-20
181,4000,Long,2016-03-24T05:00:00Z,2016-03-24T07:06:00Z,0.7478644,2016-03-24T08:25:00Z,0.7506904,11.304
185,4000,Long,2016-03-24T21:15:00Z,2016-03-24T22:13:00Z,0.7522552,2016-03-25T07:27:00Z,0.7534632,4.83199999999995
186,4000,Long,2016-03-25T09:00:00Z,2016-03-25T11:42:00Z,0.75238,2016-03-28T07:26:00Z,0.75343,4.19999999999998
187,4000,Long,2016-03-28T09:00:00Z,2016-03-28T09:15:00Z,0.753172,2016-03-28T12:30:00Z,0.754102,3.71999999999995
188,4000,Long,2016-03-28T13:00:00Z,2016-03-28T16:41:00Z,0.7539444,2016-03-28T23:09:00Z,0.7550704,4.50399999999984
190,4000,Long,2016-03-29T05:00:00Z,2016-03-29T05:56:00Z,0.7544964,2016-03-29T14:30:00Z,0.7556524,4.62400000000018
193,4000,Long,2016-03-30T01:00:00Z,2016-03-30T04:36:00Z,0.7615816,2016-03-30T06:43:00Z,0.7643456,11.056
196,4000,Long,2016-03-30T17:00:00Z,2016-03-30T17:28:00Z,0.7649596,2016-03-30T18:52:00Z,0.7669936,8.13599999999992
197,4000,Long,2016-03-30T21:15:00Z,2016-03-30T22:48:00Z,0.7664732,2016-03-31T10:36:00Z,0.7683512,7.51200000000019
198,4000,Long,2016-03-31T13:00:00Z,2016-03-31T13:23:00Z,0.7692536,2016-03-31T14:07:00Z,0.7707476,5.97599999999998
199,4000,Long,2016-03-31T17:00:00Z,2016-03-31T17:42:00Z,0.7660544,2016-03-31T19:07:00Z,0.7678304,7.104
201,4000,Long,2016-04-01T01:00:00Z,2016-04-01T01:01:00Z,0.7686844,2016-04-01T12:51:00Z,0.7636844,-20
202,4000,Long,2016-04-01T13:00:00Z,2016-04-01T14:08:00Z,0.7603028,2016-04-01T14:21:00Z,0.7624648,8.64799999999999
204,4000,Long,2016-04-03T21:15:00Z,2016-04-04T00:21:00Z,0.76602,2016-04-04T07:30:00Z,0.76102,-20
206,4000,Long,2016-04-04T13:00:00Z,2016-04-04T13:33:00Z,0.7631372,2016-04-05T01:32:00Z,0.7581372,-20
207,4000,Long,2016-04-05T05:00:00Z,2016-04-05T05:02:00Z,0.76042,2016-04-05T09:35:00Z,0.75542,-20
208,4000,Long,2016-04-05T13:00:00Z,2016-04-05T13:41:00Z,0.7524624,2016-04-06T00:20:00Z,0.7548584,9.58400000000026
209,4000,Long,2016-04-06T01:00:00Z,2016-04-06T01:16:00Z,0.7534384,2016-04-06T02:14:00Z,0.7558744,9.74399999999997
210,4000,Long,2016-04-06T05:00:00Z,2016-04-06T07:14:00Z,0.7545856,2016-04-06T07:47:00Z,0.7566596,8.29600000000008
211,4000,Long,2016-04-06T09:00:00Z,2016-04-06T10:07:00Z,0.7544528,2016-04-06T13:24:00Z,0.7556648,4.84799999999996
212,4000,Long,2016-04-06T17:00:00Z,2016-04-06T18:00:00Z,0.7582036,2016-04-06T18:02:00Z,0.7601976,7.97600000000021
214,4000,Long,2016-04-07T01:00:00Z,2016-04-07T01:32:00Z,0.7603928,2016-04-07T05:06:00Z,0.7623048,7.6480000000001
215,4000,Long,2016-04-07T09:00:00Z,2016-04-07T09:07:00Z,0.7568556,2016-04-07T13:29:00Z,0.7518556,-20
220,4000,Long,2016-04-08T09:00:00Z,2016-04-08T09:29:00Z,0.7538108,2016-04-08T12:34:00Z,0.7555928,7.1279999999998
221,4000,Long,2016-04-08T13:00:00Z,2016-04-08T13:37:00Z,0.7548088,2016-04-08T14:10:00Z,0.7563608,6.20799999999999
222,4000,Long,2016-04-08T17:00:00Z,2016-04-08T17:20:00Z,0.755038,2016-04-10T23:08:00Z,0.756608,6.27999999999984
223,4000,Long,2016-04-11T01:00:00Z,2016-04-11T01:14:00Z,0.753484,2016-04-11T01:54:00Z,0.754694,4.84000000000018
224,4000,Long,2016-04-11T05:00:00Z,2016-04-11T05:53:00Z,0.7558568,2016-04-11T10:46:00Z,0.7569788,4.48799999999983
226,4000,Long,2016-04-11T17:00:00Z,2016-04-11T17:34:00Z,0.7596448,2016-04-12T01:39:00Z,0.7616868,8.16799999999995
227,4000,Long,2016-04-12T05:00:00Z,2016-04-12T06:01:00Z,0.762336,2016-04-12T07:04:00Z,0.764576,8.96000000000008
229,4000,Long,2016-04-12T13:00:00Z,2016-04-12T13:39:00Z,0.7640276,2016-04-12T15:18:00Z,0.7658316,7.21600000000011
231,4000,Long,2016-04-12T21:15:00Z,2016-04-12T21:27:00Z,0.7677756,2016-04-13T02:07:00Z,0.7698996,8.49600000000006
232,4000,Long,2016-04-13T05:00:00Z,2016-04-13T05:45:00Z,0.7685988,2016-04-13T15:35:00Z,0.7635988,-20
234,4000,Long,2016-04-13T21:15:00Z,2016-04-14T00:02:00Z,0.765116,2016-04-14T07:53:00Z,0.766756,6.5599999999999
236,4000,Long,2016-04-14T13:00:00Z,2016-04-14T14:32:00Z,0.7699888,2016-04-15T02:00:00Z,0.7723408,9.40800000000008
238,4000,Long,2016-04-15T09:00:00Z,2016-04-15T11:10:00Z,0.7712648,2016-04-15T16:29:00Z,0.7724068,4.56799999999991
239,4000,Long,2016-04-15T17:00:00Z,2016-04-15T17:36:00Z,0.7718068,2016-04-15T20:52:00Z,0.7728788,4.28799999999985
240,4000,Long,2016-04-17T21:15:00Z,2016-04-17T21:15:00Z,0.7671568,2016-04-17T21:15:00Z,0.7621568,-20
242,4000,Long,2016-04-18T05:00:00Z,2016-04-18T07:03:00Z,0.7643072,2016-04-18T07:53:00Z,0.7694952,20.7519999999999
252,4000,Long,2016-04-19T21:15:00Z,2016-04-19T22:40:00Z,0.7805436,2016-04-20T08:47:00Z,0.7821376,6.37599999999994
253,4000,Long,2016-04-20T09:00:00Z,2016-04-20T10:42:00Z,0.780592,2016-04-20T11:23:00Z,0.781872,5.12000000000024
254,4000,Long,2016-04-20T13:00:00Z,2016-04-20T13:05:00Z,0.780382,2016-04-20T15:16:00Z,0.781612,4.91999999999981
255,4000,Long,2016-04-20T17:00:00Z,2016-04-20T18:56:00Z,0.7802424,2016-04-21T03:45:00Z,0.7814884,4.98399999999988
256,4000,Long,2016-04-21T05:00:00Z,2016-04-21T05:19:00Z,0.7798424,2016-04-21T05:47:00Z,0.7810884,4.98399999999988
257,4000,Long,2016-04-21T09:00:00Z,2016-04-21T09:15:00Z,0.7804104,2016-04-21T09:46:00Z,0.7812764,3.46400000000013
258,4000,Long,2016-04-21T13:00:00Z,2016-04-21T13:02:00Z,0.7817184,2016-04-21T13:47:00Z,0.7767184,-20
259,4000,Long,2016-04-21T17:00:00Z,2016-04-21T17:10:00Z,0.7745136,2016-04-22T00:49:00Z,0.7762076,6.77599999999989
260,4000,Long,2016-04-22T01:00:00Z,2016-04-22T03:49:00Z,0.7749912,2016-04-22T16:20:00Z,0.7699912,-20
262,4000,Long,2016-04-24T21:15:00Z,2016-04-24T21:56:00Z,0.7703828,2016-04-25T06:29:00Z,0.7719948,6.44799999999979
263,4000,Long,2016-04-25T09:00:00Z,2016-04-25T09:07:00Z,0.770038,2016-04-25T10:31:00Z,0.771408,5.47999999999993
264,4000,Long,2016-04-25T13:00:00Z,2016-04-25T13:13:00Z,0.771058,2016-04-25T13:42:00Z,0.772428,5.47999999999993
265,4000,Long,2016-04-25T17:00:00Z,2016-04-25T18:23:00Z,0.7710152,2016-04-25T23:19:00Z,0.7717732,3.03200000000015
266,4000,Long,2016-04-26T01:00:00Z,2016-04-26T03:34:00Z,0.770834,2016-04-26T06:11:00Z,0.771644,3.23999999999991
267,4000,Long,2016-04-26T09:00:00Z,2016-04-26T10:06:00Z,0.7733416,2016-04-26T12:35:00Z,0.7743556,4.05599999999984
268,4000,Long,2016-04-26T13:00:00Z,2016-04-26T14:39:00Z,0.773172,2016-04-26T15:40:00Z,0.774302,4.51999999999986
270,4000,Long,2016-04-26T21:15:00Z,2016-04-27T00:04:00Z,0.774328,2016-04-27T01:20:00Z,0.775698,5.47999999999993
271,4000,Long,2016-04-27T05:00:00Z,2016-04-27T06:04:00Z,0.7615536,2016-04-27T18:00:00Z,0.7565536,-20
275,4000,Long,2016-04-28T09:00:00Z,2016-04-28T10:53:00Z,0.7625108,2016-04-28T17:39:00Z,0.7646928,8.72800000000007
278,4000,Long,2016-04-29T05:00:00Z,2016-04-29T06:05:00Z,0.7649792,2016-04-29T16:56:00Z,0.7599792,-20
279,4000,Long,2016-04-29T17:00:00Z,2016-04-29T17:35:00Z,0.7594432,2016-04-29T19:42:00Z,0.7608212,5.51199999999996
281,4000,Long,2016-05-02T01:00:00Z,2016-05-02T04:19:00Z,0.7602232,2016-05-02T07:37:00Z,0.7618512,6.51199999999985
283,4000,Long,2016-05-02T13:00:00Z,2016-05-02T13:05:00Z,0.7631032,2016-05-02T16:33:00Z,0.7644312,5.31199999999998
285,4000,Long,2016-05-02T21:15:00Z,2016-05-02T21:15:00Z,0.7669772,2016-05-03T01:53:00Z,0.7685152,6.15200000000016
287,4000,Long,2016-05-03T09:00:00Z,2016-05-03T09:26:00Z,0.7575824,2016-05-03T12:34:00Z,0.7525824,-20
288,4000,Long,2016-05-03T13:00:00Z,2016-05-03T14:13:00Z,0.7506208,2016-05-04T15:53:00Z,0.7456208,-20
289,4000,Long,2016-05-04T17:00:00Z,2016-05-04T17:24:00Z,0.7449848,2016-05-04T18:28:00Z,0.7463268,5.36799999999982
290,4000,Long,2016-05-04T21:15:00Z,2016-05-04T21:15:00Z,0.7459528,2016-05-05T01:29:00Z,0.7473648,5.64799999999988
291,4000,Long,2016-05-05T05:00:00Z,2016-05-05T07:52:00Z,0.7485228,2016-05-05T12:04:00Z,0.7499348,5.64799999999988
292,4000,Long,2016-05-05T13:00:00Z,2016-05-05T13:03:00Z,0.7502048,2016-05-06T01:30:00Z,0.7452048,-20
293,4000,Long,2016-05-06T05:00:00Z,2016-05-06T06:45:00Z,0.7374996,2016-05-09T11:58:00Z,0.7324996,-20
294,4000,Long,2016-05-09T13:00:00Z,2016-05-09T13:20:00Z,0.7314732,2016-05-10T02:04:00Z,0.7327512,5.11200000000001
296,4000,Long,2016-05-10T09:00:00Z,2016-05-10T09:06:00Z,0.736228,2016-05-10T21:15:00Z,0.737698,5.87999999999989
297,4000,Long,2016-05-11T01:00:00Z,2016-05-11T01:41:00Z,0.7367652,2016-05-11T14:45:00Z,0.7384732,6.83200000000017
298,4000,Long,2016-05-11T17:00:00Z,2016-05-11T18:58:00Z,0.7378732,2016-05-12T06:17:00Z,0.7328732,-20
299,4000,Long,2016-05-12T09:00:00Z,2016-05-12T11:31:00Z,0.7325924,2016-05-12T12:45:00Z,0.7343884,7.18400000000008
300,4000,Long,2016-05-12T13:00:00Z,2016-05-12T15:06:00Z,0.7333524,2016-05-13T07:06:00Z,0.7283524,-20
301,4000,Long,2016-05-13T09:00:00Z,2016-05-13T09:22:00Z,0.7281104,2016-05-16T07:02:00Z,0.7299264,7.26400000000016
302,4000,Long,2016-05-16T09:00:00Z,2016-05-16T10:16:00Z,0.7285956,2016-05-16T12:30:00Z,0.7297196,4.49600000000006
303,4000,Long,2016-05-16T13:00:00Z,2016-05-16T13:10:00Z,0.7292256,2016-05-16T14:06:00Z,0.7303496,4.49600000000006
304,4000,Long,2016-05-16T17:00:00Z,2016-05-16T17:33:00Z,0.728726,2016-05-17T01:30:00Z,0.729916,4.7600000000001
305,4000,Long,2016-05-17T05:00:00Z,2016-05-17T06:03:00Z,0.7346032,2016-05-17T06:36:00Z,0.7363812,7.11200000000023
306,4000,Long,2016-05-17T09:00:00Z,2016-05-17T12:30:00Z,0.731446,2016-05-17T13:32:00Z,0.733136,6.75999999999988
307,4000,Long,2016-05-17T17:00:00Z,2016-05-17T18:00:00Z,0.733116,2016-05-18T03:54:00Z,0.728116,-20
308,4000,Long,2016-05-18T05:00:00Z,2016-05-18T06:02:00Z,0.7275528,2016-05-18T17:22:00Z,0.7292648,6.84800000000019
310,4000,Long,2016-05-19T01:00:00Z,2016-05-19T01:31:00Z,0.720976,2016-05-19T01:38:00Z,0.722766,7.15999999999983
311,4000,Long,2016-05-19T05:00:00Z,2016-05-19T06:00:00Z,0.7191944,2016-05-19T06:18:00Z,0.7211704,7.90399999999991
312,4000,Long,2016-05-19T09:00:00Z,2016-05-19T09:42:00Z,0.7200608,2016-05-19T14:35:00Z,0.7221928,8.52800000000009
317,4000,Long,2016-05-20T09:00:00Z,2016-05-20T09:26:00Z,0.7228916,2016-05-20T13:35:00Z,0.7243556,5.85600000000008
319,4000,Long,2016-05-22T21:15:00Z,2016-05-22T21:15:00Z,0.7229952,2016-05-22T21:15:00Z,0.7237532,3.03200000000015
320,4000,Long,2016-05-23T01:00:00Z,2016-05-23T01:14:00Z,0.7233352,2016-05-23T02:42:00Z,0.7240932,3.03200000000015
321,4000,Long,2016-05-23T05:00:00Z,2016-05-23T05:16:00Z,0.7246728,2016-05-23T13:30:00Z,0.7196728,-20
323,4000,Long,2016-05-23T21:15:00Z,2016-05-23T21:18:00Z,0.7225224,2016-05-24T06:39:00Z,0.7175224,-20
324,4000,Long,2016-05-24T09:00:00Z,2016-05-24T09:22:00Z,0.7154748,2016-05-24T13:54:00Z,0.7170168,6.16800000000017
325,4000,Long,2016-05-24T17:00:00Z,2016-05-24T17:40:00Z,0.7169776,2016-05-24T21:42:00Z,0.7187316,7.01600000000013
326,4000,Long,2016-05-25T01:00:00Z,2016-05-25T01:25:00Z,0.7179496,2016-05-25T02:52:00Z,0.7195336,6.33600000000012
327,4000,Long,2016-05-25T05:00:00Z,2016-05-25T07:22:00Z,0.7192736,2016-05-25T10:58:00Z,0.7206176,5.37600000000005
328,4000,Long,2016-05-25T13:00:00Z,2016-05-25T13:10:00Z,0.7194644,2016-05-26T02:17:00Z,0.7206904,4.9039999999998
329,4000,Long,2016-05-26T05:00:00Z,2016-05-26T06:25:00Z,0.7202812,2016-05-26T10:05:00Z,0.7214292,4.59200000000015
330,4000,Long,2016-05-26T13:00:00Z,2016-05-26T13:41:00Z,0.7226856,2016-05-27T18:00:00Z,0.7176856,-20
331,4000,Long,2016-05-29T21:15:00Z,2016-05-30T00:19:00Z,0.7175428,2016-05-30T22:59:00Z,0.7188048,5.04799999999994
332,4000,Long,2016-05-31T01:00:00Z,2016-05-31T01:26:00Z,0.718738,2016-05-31T01:30:00Z,0.719758,4.08000000000008
333,4000,Long,2016-05-31T05:00:00Z,2016-05-31T06:54:00Z,0.723604,2016-05-31T11:12:00Z,0.725464,7.43999999999989
335,4000,Long,2016-05-31T17:00:00Z,2016-05-31T18:41:00Z,0.7223532,2016-05-31T23:05:00Z,0.7240812,6.91199999999981
337,4000,Long,2016-06-01T05:00:00Z,2016-06-01T06:22:00Z,0.726658,2016-06-02T09:17:00Z,0.721658,-20
338,4000,Long,2016-06-02T13:00:00Z,2016-06-02T13:10:00Z,0.7207816,2016-06-02T13:56:00Z,0.7221456,5.45600000000013
340,4000,Long,2016-06-02T21:15:00Z,2016-06-02T22:41:00Z,0.7222316,2016-06-03T00:26:00Z,0.7235956,5.45600000000013
343,4000,Long,2016-06-03T09:00:00Z,2016-06-03T09:26:00Z,0.7240996,2016-06-03T12:30:00Z,0.7253336,4.93599999999983
346,4000,Long,2016-06-05T21:15:00Z,2016-06-05T22:36:00Z,0.7351976,2016-06-07T04:30:00Z,0.7382016,12.016
349,4000,Long,2016-06-07T13:00:00Z,2016-06-07T13:20:00Z,0.7434192,2016-06-07T14:11:00Z,0.7457872,9.47200000000015
351,4000,Long,2016-06-07T21:15:00Z,2016-06-07T23:35:00Z,0.7448544,2016-06-08T11:49:00Z,0.7469304,8.30399999999987
352,4000,Long,2016-06-08T13:00:00Z,2016-06-08T13:12:00Z,0.746392,2016-06-08T13:34:00Z,0.747372,3.91999999999992
353,4000,Long,2016-06-08T17:00:00Z,2016-06-08T17:30:00Z,0.7470732,2016-06-08T21:25:00Z,0.7481012,4.11200000000012
354,4000,Long,2016-06-09T01:00:00Z,2016-06-09T01:07:00Z,0.746902,2016-06-09T01:30:00Z,0.748382,5.92000000000015
355,4000,Long,2016-06-09T05:00:00Z,2016-06-09T06:09:00Z,0.7458432,2016-06-09T06:56:00Z,0.7472212,5.51199999999996
356,4000,Long,2016-06-09T09:00:00Z,2016-06-09T09:14:00Z,0.7436848,2016-06-10T16:31:00Z,0.7386848,-20
357,4000,Long,2016-06-10T17:00:00Z,2016-06-10T17:30:00Z,0.7378148,2016-06-13T06:05:00Z,0.7391068,5.16799999999984
358,4000,Long,2016-06-13T09:00:00Z,2016-06-13T09:10:00Z,0.73939,2016-06-13T09:33:00Z,0.74059,4.79999999999992
359,4000,Long,2016-06-13T13:00:00Z,2016-06-13T13:10:00Z,0.7381,2016-06-13T13:32:00Z,0.7393,4.79999999999992
360,4000,Long,2016-06-13T17:00:00Z,2016-06-13T17:50:00Z,0.739052,2016-06-14T05:24:00Z,0.740082,4.1199999999999
361,4000,Long,2016-06-14T09:00:00Z,2016-06-14T09:06:00Z,0.7340028,2016-06-14T12:42:00Z,0.7354648,5.84799999999985
362,4000,Long,2016-06-14T13:00:00Z,2016-06-14T15:02:00Z,0.7354048,2016-06-15T03:14:00Z,0.7369968,6.36800000000015
368,4000,Long,2016-06-16T01:00:00Z,2016-06-16T01:47:00Z,0.7404488,2016-06-16T06:37:00Z,0.7354488,-20
369,4000,Long,2016-06-16T09:00:00Z,2016-06-16T11:11:00Z,0.7347096,2016-06-16T14:18:00Z,0.7297096,-20
377,4000,Long,2016-06-19T21:15:00Z,2016-06-19T21:15:00Z,0.7435632,2016-06-20T03:50:00Z,0.7445412,3.91200000000014
378,4000,Long,2016-06-20T05:00:00Z,2016-06-20T06:42:00Z,0.7436924,2016-06-20T07:23:00Z,0.7452884,6.38400000000017
379,4000,Long,2016-06-20T09:00:00Z,2016-06-20T09:13:00Z,0.7457544,2016-06-20T12:58:00Z,0.7476804,7.70399999999993
380,4000,Long,2016-06-20T13:00:00Z,2016-06-20T14:59:00Z,0.746484,2016-06-21T01:53:00Z,0.748544,8.2399999999998
381,4000,Long,2016-06-21T05:00:00Z,2016-06-21T05:35:00Z,0.7468072,2016-06-21T06:09:00Z,0.7478452,4.15199999999993
382,4000,Long,2016-06-21T09:00:00Z,2016-06-21T10:46:00Z,0.749372,2016-06-21T12:14:00Z,0.750502,4.51999999999986
383,4000,Long,2016-06-21T13:00:00Z,2016-06-21T13:35:00Z,0.7472256,2016-06-22T06:57:00Z,0.7485496,5.29599999999997
385,4000,Long,2016-06-22T13:00:00Z,2016-06-22T13:37:00Z,0.7500516,2016-06-22T14:03:00Z,0.7515656,6.05600000000006
386,4000,Long,2016-06-22T17:00:00Z,2016-06-22T17:16:00Z,0.75014,2016-06-22T21:20:00Z,0.75184,6.80000000000014
390,4000,Long,2016-06-23T13:00:00Z,2016-06-23T13:18:00Z,0.7564412,2016-06-23T15:32:00Z,0.7586892,8.99200000000011
392,4000,Long,2016-06-23T21:15:00Z,2016-06-23T21:25:00Z,0.762736,2016-06-23T23:00:00Z,0.757736,-20
393,4000,Long,2016-06-24T01:00:00Z,2016-06-24T01:03:00Z,0.7527716,2016-06-24T01:06:00Z,0.7477716,-20
401,4000,Long,2016-06-27T09:00:00Z,2016-06-27T10:28:00Z,0.7414652,2016-06-27T14:41:00Z,0.7364652,-20
402,4000,Long,2016-06-27T17:00:00Z,2016-06-27T17:42:00Z,0.733444,2016-06-28T01:37:00Z,0.737004,14.24
405,4000,Long,2016-06-28T13:00:00Z,2016-06-28T13:23:00Z,0.7393932,2016-06-28T15:51:00Z,0.7343932,-20
409,4000,Long,2016-06-29T05:00:00Z,2016-06-29T05:36:00Z,0.7397168,2016-06-29T07:07:00Z,0.7413388,6.48800000000005
410,4000,Long,2016-06-29T09:00:00Z,2016-06-29T09:37:00Z,0.7415184,2016-06-29T10:16:00Z,0.7432544,6.94399999999984
413,4000,Long,2016-06-29T21:15:00Z,2016-06-29T21:15:00Z,0.7448988,2016-06-29T23:45:00Z,0.7464008,6.00800000000001
414,4000,Long,2016-06-30T01:00:00Z,2016-06-30T01:34:00Z,0.7444116,2016-06-30T07:11:00Z,0.7394116,-20
415,4000,Long,2016-06-30T09:00:00Z,2016-06-30T12:40:00Z,0.7430256,2016-06-30T14:59:00Z,0.7450496,8.0960000000001
416,4000,Long,2016-06-30T17:00:00Z,2016-06-30T17:12:00Z,0.7434556,2016-06-30T19:13:00Z,0.7454796,8.0960000000001
417,4000,Long,2016-06-30T21:15:00Z,2016-06-30T21:18:00Z,0.7443356,2016-07-01T03:04:00Z,0.7463596,8.0960000000001
418,4000,Long,2016-07-01T05:00:00Z,2016-07-01T06:05:00Z,0.7455824,2016-07-01T08:21:00Z,0.7475284,7.78400000000001
419,4000,Long,2016-07-01T09:00:00Z,2016-07-01T09:27:00Z,0.7478768,2016-07-01T11:47:00Z,0.7491488,5.0880000000002
420,4000,Long,2016-07-01T13:00:00Z,2016-07-01T14:55:00Z,0.7476268,2016-07-01T17:05:00Z,0.7489988,5.48800000000016
427,4000,Long,2016-07-04T21:15:00Z,2016-07-04T23:58:00Z,0.7527176,2016-07-05T12:22:00Z,0.7477176,-20
428,4000,Long,2016-07-05T13:00:00Z,2016-07-05T13:34:00Z,0.7475584,2016-07-06T00:25:00Z,0.7425584,-20
429,4000,Long,2016-07-06T01:00:00Z,2016-07-06T01:28:00Z,0.742292,2016-07-06T07:01:00Z,0.744722,9.72000000000017
431,4000,Long,2016-07-06T13:00:00Z,2016-07-06T14:16:00Z,0.7470788,2016-07-06T14:27:00Z,0.7486808,6.40799999999997
433,4000,Long,2016-07-06T21:15:00Z,2016-07-06T22:25:00Z,0.7511944,2016-07-07T01:05:00Z,0.7536204,9.70400000000016
434,4000,Long,2016-07-07T05:00:00Z,2016-07-07T06:04:00Z,0.7509156,2016-07-07T08:32:00Z,0.7531896,9.09599999999999
435,4000,Long,2016-07-07T09:00:00Z,2016-07-07T09:29:00Z,0.7522684,2016-07-07T17:15:00Z,0.7472684,-20
437,4000,Long,2016-07-08T01:00:00Z,2016-07-08T03:50:00Z,0.7496296,2016-07-08T10:37:00Z,0.7510636,5.73600000000019
438,4000,Long,2016-07-08T13:00:00Z,2016-07-08T13:43:00Z,0.7526776,2016-07-08T14:11:00Z,0.7540816,5.61599999999984
440,4000,Long,2016-07-10T21:15:00Z,2016-07-11T00:17:00Z,0.7556164,2016-07-12T02:23:00Z,0.7576724,8.22399999999979
443,4000,Long,2016-07-12T13:00:00Z,2016-07-12T13:23:00Z,0.761992,2016-07-12T16:24:00Z,0.764322,9.32000000000022
444,4000,Long,2016-07-12T17:00:00Z,2016-07-12T19:06:00Z,0.7634728,2016-07-13T06:16:00Z,0.7584728,-20
446,4000,Long,2016-07-13T13:00:00Z,2016-07-13T13:40:00Z,0.7624412,2016-07-14T09:09:00Z,0.7640392,6.39199999999995
447,4000,Long,2016-07-14T13:00:00Z,2016-07-14T13:44:00Z,0.7621336,2016-07-14T14:39:00Z,0.7633776,4.97600000000009
448,4000,Long,2016-07-14T17:00:00Z,2016-07-14T17:51:00Z,0.7633736,2016-07-15T02:27:00Z,0.7646176,4.97600000000009
449,4000,Long,2016-07-15T05:00:00Z,2016-07-15T05:02:00Z,0.7626,2016-07-15T07:33:00Z,0.764,5.59999999999983
450,4000,Long,2016-07-15T09:00:00Z,2016-07-15T09:09:00Z,0.764538,2016-07-15T11:57:00Z,0.765908,5.47999999999993
451,4000,Long,2016-07-15T13:00:00Z,2016-07-15T13:04:00Z,0.763158,2016-07-15T14:47:00Z,0.758158,-20
452,4000,Long,2016-07-15T17:00:00Z,2016-07-15T20:32:00Z,0.7577556,2016-07-17T21:15:00Z,0.7596796,7.69600000000015
454,4000,Long,2016-07-18T05:00:00Z,2016-07-18T06:39:00Z,0.7584744,2016-07-18T07:48:00Z,0.7604504,7.90399999999991
455,4000,Long,2016-07-18T09:00:00Z,2016-07-18T09:48:00Z,0.7594944,2016-07-19T00:21:00Z,0.7544944,-20
456,4000,Long,2016-07-19T01:00:00Z,2016-07-19T01:36:00Z,0.7538796,2016-07-19T12:01:00Z,0.7488796,-20
459,4000,Long,2016-07-19T21:15:00Z,2016-07-20T00:47:00Z,0.7496916,2016-07-22T14:41:00Z,0.7446916,-20
461,4000,Long,2016-07-24T21:15:00Z,2016-07-24T21:15:00Z,0.746514,2016-07-25T00:05:00Z,0.747824,5.24000000000013
462,4000,Long,2016-07-25T01:00:00Z,2016-07-25T01:02:00Z,0.745884,2016-07-25T01:26:00Z,0.746994,4.44000000000022
464,4000,Long,2016-07-25T09:00:00Z,2016-07-25T11:19:00Z,0.7480336,2016-07-26T02:07:00Z,0.7490276,3.9760000000002
465,4000,Long,2016-07-26T05:00:00Z,2016-07-26T08:16:00Z,0.7513272,2016-07-26T09:03:00Z,0.7529652,6.55200000000011
466,4000,Long,2016-07-26T13:00:00Z,2016-07-26T14:11:00Z,0.752158,2016-07-27T01:29:00Z,0.753828,6.6799999999998
467,4000,Long,2016-07-27T05:00:00Z,2016-07-27T06:16:00Z,0.7479008,2016-07-27T18:00:00Z,0.7429008,-20
471,4000,Long,2016-07-28T09:00:00Z,2016-07-28T11:11:00Z,0.7525404,2016-07-29T12:47:00Z,0.7551064,10.2639999999998
474,4000,Long,2016-07-31T21:15:00Z,2016-08-01T00:03:00Z,0.758496,2016-08-01T02:29:00Z,0.760836,9.36000000000004
475,4000,Long,2016-08-01T05:00:00Z,2016-08-01T06:15:00Z,0.7597724,2016-08-01T19:47:00Z,0.7547724,-20
476,4000,Long,2016-08-01T21:15:00Z,2016-08-01T22:55:00Z,0.7527584,2016-08-02T04:12:00Z,0.7544944,6.94399999999984
479,4000,Long,2016-08-02T13:00:00Z,2016-08-02T16:06:00Z,0.7605168,2016-08-04T15:26:00Z,0.7632388,10.888
480,4000,Long,2016-08-04T17:00:00Z,2016-08-04T17:24:00Z,0.7628992,2016-08-05T00:09:00Z,0.7642172,5.27200000000017
481,4000,Long,2016-08-05T01:00:00Z,2016-08-05T01:24:00Z,0.763372,2016-08-05T01:40:00Z,0.764502,4.51999999999986
482,4000,Long,2016-08-05T05:00:00Z,2016-08-05T06:41:00Z,0.7649296,2016-08-05T11:09:00Z,0.7663636,5.73600000000019
483,4000,Long,2016-08-05T13:00:00Z,2016-08-05T13:01:00Z,0.7627408,2016-08-05T13:04:00Z,0.7638228,4.32800000000011
485,4000,Long,2016-08-07T21:15:00Z,2016-08-07T21:15:00Z,0.7614508,2016-08-08T07:28:00Z,0.7627828,5.328
490,4000,Long,2016-08-09T01:00:00Z,2016-08-09T01:32:00Z,0.7642312,2016-08-09T08:42:00Z,0.7657292,5.992
491,4000,Long,2016-08-09T09:00:00Z,2016-08-09T09:19:00Z,0.7655752,2016-08-09T10:37:00Z,0.7665832,4.03200000000004
494,4000,Long,2016-08-09T21:15:00Z,2016-08-09T21:24:00Z,0.7668188,2016-08-10T00:17:00Z,0.7681208,5.2080000000001
496,4000,Long,2016-08-10T05:00:00Z,2016-08-10T06:26:00Z,0.7689792,2016-08-10T08:03:00Z,0.7705972,6.47200000000003
498,4000,Long,2016-08-10T13:00:00Z,2016-08-10T13:11:00Z,0.7741796,2016-08-11T04:02:00Z,0.7691796,-20
501,4000,Long,2016-08-11T13:00:00Z,2016-08-11T16:33:00Z,0.770906,2016-08-12T12:46:00Z,0.772196,5.16000000000005
502,4000,Long,2016-08-12T13:00:00Z,2016-08-12T13:03:00Z,0.7716172,2016-08-12T15:59:00Z,0.7666172,-20
503,4000,Long,2016-08-12T17:00:00Z,2016-08-12T17:07:00Z,0.764834,2016-08-14T21:15:00Z,0.766244,5.64000000000009
506,4000,Long,2016-08-15T09:00:00Z,2016-08-15T10:40:00Z,0.7665792,2016-08-15T14:58:00Z,0.7683472,7.07199999999997
507,4000,Long,2016-08-15T17:00:00Z,2016-08-15T20:00:00Z,0.7673564,2016-08-16T03:32:00Z,0.7684624,4.42400000000021
509,4000,Long,2016-08-16T09:00:00Z,2016-08-16T12:47:00Z,0.770242,2016-08-16T12:57:00Z,0.771622,5.52000000000019
510,4000,Long,2016-08-16T13:00:00Z,2016-08-16T13:15:00Z,0.7706604,2016-08-17T08:45:00Z,0.7656604,-20
511,4000,Long,2016-08-17T09:00:00Z,2016-08-17T09:05:00Z,0.7623224,2016-08-17T18:03:00Z,0.7646184,9.18399999999986
512,4000,Long,2016-08-17T21:15:00Z,2016-08-17T21:19:00Z,0.7653084,2016-08-18T01:30:00Z,0.7672944,7.94400000000017
514,4000,Long,2016-08-18T09:00:00Z,2016-08-18T11:56:00Z,0.7685388,2016-08-19T02:40:00Z,0.7635388,-20
515,4000,Long,2016-08-19T05:00:00Z,2016-08-19T07:12:00Z,0.76322,2016-08-23T07:22:00Z,0.76517,7.80000000000003
516,4000,Long,2016-08-23T09:00:00Z,2016-08-23T09:23:00Z,0.7637536,2016-08-23T11:18:00Z,0.7647976,4.17600000000018
517,4000,Long,2016-08-23T13:00:00Z,2016-08-23T13:26:00Z,0.7646472,2016-08-24T06:13:00Z,0.7596472,-20
518,4000,Long,2016-08-24T09:00:00Z,2016-08-24T09:58:00Z,0.7619484,2016-08-25T05:25:00Z,0.7632844,5.34400000000002
519,4000,Long,2016-08-25T09:00:00Z,2016-08-25T10:22:00Z,0.7618284,2016-08-25T23:06:00Z,0.7626644,3.34400000000024
520,4000,Long,2016-08-26T01:00:00Z,2016-08-26T01:48:00Z,0.7625624,2016-08-26T03:50:00Z,0.7633084,2.9840000000001
521,4000,Long,2016-08-26T05:00:00Z,2016-08-26T07:01:00Z,0.7628424,2016-08-26T07:53:00Z,0.7635884,2.9840000000001
523,4000,Long,2016-08-26T13:00:00Z,2016-08-26T13:59:00Z,0.7656776,2016-08-26T14:10:00Z,0.7671316,5.81599999999982
524,4000,Long,2016-08-26T17:00:00Z,2016-08-26T17:51:00Z,0.7587536,2016-08-29T00:00:00Z,0.7537536,-20
530,4000,Long,2016-08-29T21:15:00Z,2016-08-29T21:15:00Z,0.7573196,2016-08-30T14:07:00Z,0.7523196,-20
531,4000,Long,2016-08-30T17:00:00Z,2016-08-30T17:49:00Z,0.75058,2016-08-30T23:52:00Z,0.75203,5.79999999999981
533,4000,Long,2016-08-31T05:00:00Z,2016-08-31T05:34:00Z,0.7519308,2016-09-01T01:29:00Z,0.7534128,5.92799999999993
534,4000,Long,2016-09-01T05:00:00Z,2016-09-01T06:13:00Z,0.7533412,2016-09-01T06:57:00Z,0.7544892,4.59200000000015
535,4000,Long,2016-09-01T09:00:00Z,2016-09-01T09:40:00Z,0.7531212,2016-09-01T14:06:00Z,0.7542692,4.59200000000015
536,4000,Long,2016-09-01T17:00:00Z,2016-09-01T17:55:00Z,0.7547752,2016-09-02T04:06:00Z,0.7558332,4.23200000000001
537,4000,Long,2016-09-02T05:00:00Z,2016-09-02T06:32:00Z,0.7549096,2016-09-02T12:23:00Z,0.7560436,4.53599999999987
538,4000,Long,2016-09-02T13:00:00Z,2016-09-02T14:13:00Z,0.7569108,2016-09-05T02:31:00Z,0.7591428,8.92800000000005
540,4000,Long,2016-09-05T09:00:00Z,2016-09-05T10:04:00Z,0.7590504,2016-09-06T00:53:00Z,0.7605664,6.06399999999985
543,4000,Long,2016-09-06T09:00:00Z,2016-09-06T11:14:00Z,0.7630616,2016-09-06T14:03:00Z,0.7646256,6.25600000000004
545,4000,Long,2016-09-06T21:15:00Z,2016-09-06T23:19:00Z,0.7675436,2016-09-07T14:08:00Z,0.7696376,8.37600000000016
547,4000,Long,2016-09-07T21:15:00Z,2016-09-07T23:32:00Z,0.767042,2016-09-08T00:39:00Z,0.767972,3.71999999999995
548,4000,Long,2016-09-08T01:00:00Z,2016-09-08T01:09:00Z,0.767582,2016-09-08T02:46:00Z,0.768512,3.71999999999995
550,4000,Long,2016-09-08T09:00:00Z,2016-09-08T11:54:00Z,0.7719584,2016-09-08T14:10:00Z,0.7669584,-20
553,4000,Long,2016-09-09T01:00:00Z,2016-09-09T02:11:00Z,0.7640792,2016-09-09T12:02:00Z,0.7590792,-20
554,4000,Long,2016-09-09T13:00:00Z,2016-09-09T14:00:00Z,0.7553876,2016-09-12T08:25:00Z,0.7503876,-20
555,4000,Long,2016-09-12T09:00:00Z,2016-09-12T09:35:00Z,0.7500304,2016-09-12T12:44:00Z,0.7523964,9.46399999999992
556,4000,Long,2016-09-12T13:00:00Z,2016-09-12T13:29:00Z,0.750722,2016-09-12T14:01:00Z,0.752452,6.92000000000004
557,4000,Long,2016-09-12T17:00:00Z,2016-09-12T17:23:00Z,0.7527236,2016-09-12T17:23:00Z,0.7540176,5.17600000000007
558,4000,Long,2016-09-12T21:15:00Z,2016-09-13T00:25:00Z,0.7558252,2016-09-13T07:36:00Z,0.7508252,-20
559,4000,Long,2016-09-13T09:00:00Z,2016-09-13T12:34:00Z,0.7519984,2016-09-13T15:51:00Z,0.7469984,-20
563,4000,Long,2016-09-14T05:00:00Z,2016-09-14T07:37:00Z,0.7469744,2016-09-14T14:30:00Z,0.7490504,8.30399999999987
564,4000,Long,2016-09-14T17:00:00Z,2016-09-14T19:03:00Z,0.7468968,2016-09-14T23:55:00Z,0.7479688,4.28799999999985
565,4000,Long,2016-09-15T01:00:00Z,2016-09-15T01:30:00Z,0.74684,2016-09-15T09:03:00Z,0.74774,3.60000000000005
566,4000,Long,2016-09-15T13:00:00Z,2016-09-15T13:04:00Z,0.746274,2016-09-15T13:14:00Z,0.747484,4.84000000000018
568,4000,Long,2016-09-15T21:15:00Z,2016-09-15T23:42:00Z,0.7512308,2016-09-19T01:56:00Z,0.7527628,6.12799999999991
572,4000,Long,2016-09-19T17:00:00Z,2016-09-19T19:32:00Z,0.753866,2016-09-20T06:55:00Z,0.755756,7.55999999999979
573,4000,Long,2016-09-20T09:00:00Z,2016-09-20T10:38:00Z,0.7545888,2016-09-20T12:30:00Z,0.7554408,3.40799999999986
574,4000,Long,2016-09-20T13:00:00Z,2016-09-20T16:14:00Z,0.7542488,2016-09-20T18:33:00Z,0.7551008,3.40799999999986
575,4000,Long,2016-09-20T21:15:00Z,2016-09-20T21:15:00Z,0.7553848,2016-09-20T23:31:00Z,0.7560768,2.7680000000001
576,4000,Long,2016-09-21T01:00:00Z,2016-09-21T01:10:00Z,0.7547768,2016-09-21T02:16:00Z,0.7554488,2.68800000000002
577,4000,Long,2016-09-21T05:00:00Z,2016-09-21T05:01:00Z,0.7538012,2016-09-21T05:30:00Z,0.7543492,2.19199999999997
578,4000,Long,2016-09-21T09:00:00Z,2016-09-21T12:51:00Z,0.7583404,2016-09-21T18:00:00Z,0.7595564,4.86399999999998
579,4000,Long,2016-09-21T21:15:00Z,2016-09-21T22:17:00Z,0.762898,2016-09-22T00:05:00Z,0.764818,7.68000000000013
580,4000,Long,2016-09-22T01:00:00Z,2016-09-22T01:59:00Z,0.762734,2016-09-22T06:08:00Z,0.765044,9.24000000000014
582,4000,Long,2016-09-22T13:00:00Z,2016-09-22T13:37:00Z,0.765878,2016-09-25T21:15:00Z,0.760878,-20
583,4000,Long,2016-09-26T01:00:00Z,2016-09-26T01:33:00Z,0.7618388,2016-09-26T11:28:00Z,0.7627408,3.60799999999983
584,4000,Long,2016-09-26T13:00:00Z,2016-09-26T13:39:00Z,0.7635852,2016-09-26T14:05:00Z,0.7644432,3.4320000000001
585,4000,Long,2016-09-26T17:00:00Z,2016-09-26T19:05:00Z,0.7633108,2016-09-27T01:37:00Z,0.7642428,3.72800000000018
587,4000,Long,2016-09-27T09:00:00Z,2016-09-27T09:41:00Z,0.7659552,2016-09-28T00:41:00Z,0.7677132,7.03200000000015
588,4000,Long,2016-09-28T01:00:00Z,2016-09-28T01:24:00Z,0.7669512,2016-09-28T05:52:00Z,0.7684492,5.992
589,4000,Long,2016-09-28T09:00:00Z,2016-09-28T10:12:00Z,0.766398,2016-09-28T12:31:00Z,0.767318,3.68000000000013
590,4000,Long,2016-09-28T13:00:00Z,2016-09-28T14:52:00Z,0.765698,2016-09-28T17:34:00Z,0.766618,3.68000000000013
591,4000,Long,2016-09-28T21:15:00Z,2016-09-28T21:30:00Z,0.768868,2016-09-29T00:54:00Z,0.769838,3.88000000000011
592,4000,Long,2016-09-29T01:00:00Z,2016-09-29T01:54:00Z,0.7693044,2016-09-29T17:48:00Z,0.7643044,-20
593,4000,Long,2016-09-29T21:15:00Z,2016-09-29T22:28:00Z,0.7628584,2016-09-30T12:59:00Z,0.7645944,6.94399999999984
595,4000,Long,2016-09-30T17:00:00Z,2016-09-30T20:00:00Z,0.765332,2016-10-03T07:48:00Z,0.766962,6.52000000000008
597,4000,Long,2016-10-03T13:00:00Z,2016-10-03T13:56:00Z,0.766608,2016-10-03T17:44:00Z,0.767428,3.28000000000017
598,4000,Long,2016-10-03T21:15:00Z,2016-10-03T21:17:00Z,0.767158,2016-10-03T21:57:00Z,0.767978,3.28000000000017
599,4000,Long,2016-10-04T01:00:00Z,2016-10-04T01:41:00Z,0.7675148,2016-10-04T16:18:00Z,0.7625148,-20
601,4000,Long,2016-10-04T21:15:00Z,2016-10-04T21:48:00Z,0.7613016,2016-10-05T01:09:00Z,0.7629656,6.656
602,4000,Long,2016-10-05T05:00:00Z,2016-10-05T05:51:00Z,0.7626036,2016-10-06T09:45:00Z,0.7576036,-20
603,4000,Long,2016-10-06T13:00:00Z,2016-10-06T14:54:00Z,0.7564556,2016-10-06T15:47:00Z,0.7577796,5.29599999999997
605,4000,Long,2016-10-06T21:15:00Z,2016-10-06T23:10:00Z,0.7579416,2016-10-07T12:30:00Z,0.7592056,5.05600000000017
606,4000,Long,2016-10-07T13:00:00Z,2016-10-07T14:23:00Z,0.7599232,2016-10-09T21:15:00Z,0.7609012,3.91200000000014
607,4000,Long,2016-10-10T01:00:00Z,2016-10-10T01:36:00Z,0.7593932,2016-10-10T13:35:00Z,0.7608212,5.71199999999994
609,4000,Long,2016-10-10T21:15:00Z,2016-10-10T21:15:00Z,0.760418,2016-10-11T03:29:00Z,0.755418,-20
610,4000,Long,2016-10-11T05:00:00Z,2016-10-11T08:58:00Z,0.75423,2016-10-11T13:06:00Z,0.75593,6.80000000000014
611,4000,Long,2016-10-11T17:00:00Z,2016-10-11T17:12:00Z,0.7537304,2016-10-11T22:43:00Z,0.7552464,6.06399999999985
613,4000,Long,2016-10-12T05:00:00Z,2016-10-12T07:32:00Z,0.756984,2016-10-12T07:55:00Z,0.758094,4.44000000000022
614,4000,Long,2016-10-12T09:00:00Z,2016-10-12T10:01:00Z,0.7573396,2016-10-12T18:17:00Z,0.7585236,4.73599999999985
615,4000,Long,2016-10-12T21:15:00Z,2016-10-12T21:23:00Z,0.75656,2016-10-13T07:02:00Z,0.75156,-20
619,4000,Long,2016-10-13T21:15:00Z,2016-10-13T23:56:00Z,0.7561976,2016-10-14T01:04:00Z,0.7577016,6.0159999999998
622,4000,Long,2016-10-14T13:00:00Z,2016-10-14T15:04:00Z,0.7622724,2016-10-18T00:04:00Z,0.7644184,8.58399999999993
625,4000,Long,2016-10-18T09:00:00Z,2016-10-18T12:53:00Z,0.7667396,2016-10-19T00:44:00Z,0.7686236,7.53599999999999
626,4000,Long,2016-10-19T01:00:00Z,2016-10-19T02:06:00Z,0.7678856,2016-10-19T08:46:00Z,0.7685096,2.49599999999983
627,4000,Long,2016-10-19T09:00:00Z,2016-10-19T09:19:00Z,0.7679224,2016-10-19T09:48:00Z,0.7685684,2.58400000000014
629,4000,Long,2016-10-19T17:00:00Z,2016-10-19T18:35:00Z,0.77138,2016-10-20T00:20:00Z,0.77278,5.59999999999983
630,4000,Long,2016-10-20T01:00:00Z,2016-10-20T01:02:00Z,0.7689776,2016-10-20T14:16:00Z,0.7639776,-20
633,4000,Long,2016-10-21T01:00:00Z,2016-10-21T02:02:00Z,0.7621716,2016-10-21T05:40:00Z,0.7637856,6.45600000000002
634,4000,Long,2016-10-21T09:00:00Z,2016-10-21T12:30:00Z,0.7622184,2016-10-24T06:40:00Z,0.7633544,4.5440000000001
635,4000,Long,2016-10-24T09:00:00Z,2016-10-24T11:08:00Z,0.7628892,2016-10-25T08:45:00Z,0.7639572,4.27199999999983
636,4000,Long,2016-10-25T09:00:00Z,2016-10-25T10:15:00Z,0.7634576,2016-10-25T12:21:00Z,0.7646116,4.61599999999995
637,4000,Long,2016-10-25T13:00:00Z,2016-10-25T13:10:00Z,0.7623596,2016-10-25T14:01:00Z,0.7635436,4.73599999999985
638,4000,Long,2016-10-25T17:00:00Z,2016-10-25T20:40:00Z,0.7640204,2016-10-26T00:30:00Z,0.7653364,5.26399999999994
639,4000,Long,2016-10-26T01:00:00Z,2016-10-26T03:35:00Z,0.7681904,2016-10-26T06:40:00Z,0.7704064,8.86399999999998
640,4000,Long,2016-10-26T09:00:00Z,2016-10-26T10:05:00Z,0.7683292,2016-10-27T01:26:00Z,0.7633292,-20
641,4000,Long,2016-10-27T05:00:00Z,2016-10-27T06:45:00Z,0.762142,2016-10-28T07:02:00Z,0.757142,-20
642,4000,Long,2016-10-28T09:00:00Z,2016-10-28T09:54:00Z,0.7575932,2016-10-28T13:46:00Z,0.7588712,5.11200000000001
643,4000,Long,2016-10-28T17:00:00Z,2016-10-28T17:04:00Z,0.75824,2016-10-28T17:32:00Z,0.75924,4
644,4000,Long,2016-10-30T21:15:00Z,2016-10-30T22:00:00Z,0.75945,2016-10-31T03:00:00Z,0.76045,4
645,4000,Long,2016-10-31T05:00:00Z,2016-10-31T06:24:00Z,0.7606456,2016-11-01T02:03:00Z,0.7617696,4.49600000000006
648,4000,Long,2016-11-01T13:00:00Z,2016-11-01T14:01:00Z,0.766862,2016-11-02T02:11:00Z,0.761862,-20
652,4000,Long,2016-11-02T17:00:00Z,2016-11-02T18:00:00Z,0.7664628,2016-11-03T02:00:00Z,0.7677748,5.24799999999992
653,4000,Long,2016-11-03T05:00:00Z,2016-11-03T08:36:00Z,0.7660512,2016-11-03T09:54:00Z,0.7672492,4.79200000000013
654,4000,Long,2016-11-03T13:00:00Z,2016-11-03T13:14:00Z,0.7665832,2016-11-03T14:29:00Z,0.7675112,3.71200000000016
657,4000,Long,2016-11-04T01:00:00Z,2016-11-04T01:57:00Z,0.7678276,2016-11-04T12:30:00Z,0.7690316,4.81599999999993
658,4000,Long,2016-11-04T13:00:00Z,2016-11-04T13:36:00Z,0.7677196,2016-11-04T13:55:00Z,0.7684536,2.93600000000005
659,4000,Long,2016-11-04T17:00:00Z,2016-11-04T19:01:00Z,0.7673912,2016-11-07T00:06:00Z,0.7682892,3.59199999999982
661,4000,Long,2016-11-07T06:00:00Z,2016-11-07T07:20:00Z,0.7671812,2016-11-07T07:57:00Z,0.7679792,3.19199999999986
662,4000,Long,2016-11-07T10:00:00Z,2016-11-07T10:11:00Z,0.7672112,2016-11-07T10:49:00Z,0.7680092,3.19199999999986
665,4000,Long,2016-11-07T22:15:00Z,2016-11-07T23:18:00Z,0.7716624,2016-11-08T16:32:00Z,0.7730584,5.58399999999981
666,4000,Long,2016-11-08T18:00:00Z,2016-11-08T18:16:00Z,0.7735196,2016-11-08T19:10:00Z,0.7746036,4.3359999999999
667,4000,Long,2016-11-08T22:15:00Z,2016-11-08T22:54:00Z,0.775182,2016-11-09T00:59:00Z,0.776962,7.12000000000002
668,4000,Long,2016-11-09T02:00:00Z,2016-11-09T02:01:00Z,0.772072,2016-11-09T02:21:00Z,0.767072,-20
671,4000,Long,2016-11-09T14:00:00Z,2016-11-09T15:19:00Z,0.7650768,2016-11-10T07:56:00Z,0.7690488,15.8879999999999
672,4000,Long,2016-11-10T10:00:00Z,2016-11-10T11:53:00Z,0.7691072,2016-11-10T12:59:00Z,0.7641072,-20
673,4000,Long,2016-11-10T14:00:00Z,2016-11-10T14:16:00Z,0.7622188,2016-11-10T15:56:00Z,0.7572188,-20
674,4000,Long,2016-11-10T18:00:00Z,2016-11-10T20:59:00Z,0.7599548,2016-11-11T14:55:00Z,0.7549548,-20
675,4000,Long,2016-11-11T18:00:00Z,2016-11-11T18:40:00Z,0.7544052,2016-11-14T23:21:00Z,0.7566132,8.83199999999995
676,4000,Long,2016-11-15T02:00:00Z,2016-11-15T02:10:00Z,0.755502,2016-11-15T03:19:00Z,0.756632,4.51999999999986
677,4000,Long,2016-11-15T06:00:00Z,2016-11-15T06:47:00Z,0.753782,2016-11-15T07:08:00Z,0.754912,4.51999999999986
678,4000,Long,2016-11-15T10:00:00Z,2016-11-15T13:30:00Z,0.754792,2016-11-15T13:34:00Z,0.755922,4.51999999999986
679,4000,Long,2016-11-15T14:00:00Z,2016-11-15T14:07:00Z,0.752632,2016-11-15T15:10:00Z,0.753762,4.51999999999986
681,4000,Long,2016-11-15T22:15:00Z,2016-11-15T22:24:00Z,0.7554612,2016-11-16T02:35:00Z,0.7568592,5.59200000000004
682,4000,Long,2016-11-16T06:00:00Z,2016-11-16T06:27:00Z,0.7536836,2016-11-16T10:46:00Z,0.7486836,-20
683,4000,Long,2016-11-16T14:00:00Z,2016-11-16T15:09:00Z,0.7466468,2016-11-16T16:50:00Z,0.7488688,8.88800000000023
684,4000,Long,2016-11-16T18:00:00Z,2016-11-16T20:48:00Z,0.7474168,2016-11-16T22:38:00Z,0.7496388,8.88800000000023
685,4000,Long,2016-11-17T02:00:00Z,2016-11-17T02:38:00Z,0.7470568,2016-11-17T18:04:00Z,0.7420568,-20
686,4000,Long,2016-11-17T22:15:00Z,2016-11-17T22:15:00Z,0.7413316,2016-11-18T15:01:00Z,0.7363316,-20
688,4000,Long,2016-11-20T22:15:00Z,2016-11-20T23:14:00Z,0.732404,2016-11-21T01:40:00Z,0.734314,7.63999999999987
689,4000,Long,2016-11-21T02:00:00Z,2016-11-21T02:56:00Z,0.7320168,2016-11-21T07:19:00Z,0.7337888,7.08799999999998
691,4000,Long,2016-11-21T14:00:00Z,2016-11-21T14:05:00Z,0.7367712,2016-11-22T00:25:00Z,0.7382692,5.992
693,4000,Long,2016-11-22T06:00:00Z,2016-11-22T06:23:00Z,0.7392092,2016-11-22T09:30:00Z,0.7408772,6.67200000000001
694,4000,Long,2016-11-22T10:00:00Z,2016-11-22T10:17:00Z,0.74036,2016-11-23T01:30:00Z,0.74176,5.59999999999983
695,4000,Long,2016-11-23T02:00:00Z,2016-11-23T03:33:00Z,0.741548,2016-11-23T05:00:00Z,0.742718,4.68000000000002
696,4000,Long,2016-11-23T06:00:00Z,2016-11-23T09:09:00Z,0.742428,2016-11-23T14:11:00Z,0.737428,-20
698,4000,Long,2016-11-23T22:15:00Z,2016-11-23T23:26:00Z,0.7379336,2016-11-24T09:43:00Z,0.7393776,5.776
699,4000,Long,2016-11-24T10:00:00Z,2016-11-24T10:04:00Z,0.7403572,2016-11-24T16:37:00Z,0.7417452,5.55199999999978
701,4000,Long,2016-11-24T22:15:00Z,2016-11-24T22:41:00Z,0.7407984,2016-11-25T01:41:00Z,0.7418844,4.34400000000013
704,4000,Long,2016-11-25T10:00:00Z,2016-11-25T11:55:00Z,0.743262,2016-11-25T13:25:00Z,0.744942,6.72000000000006
705,4000,Long,2016-11-25T14:00:00Z,2016-11-25T15:00:00Z,0.7439928,2016-11-28T02:00:00Z,0.7454048,5.64799999999988
707,4000,Long,2016-11-28T10:00:00Z,2016-11-28T11:34:00Z,0.7464188,2016-11-28T15:16:00Z,0.7478708,5.80800000000004
709,4000,Long,2016-11-28T22:15:00Z,2016-11-28T22:22:00Z,0.7481216,2016-11-28T23:55:00Z,0.7493356,4.85600000000019
710,4000,Long,2016-11-29T02:00:00Z,2016-11-29T02:35:00Z,0.748344,2016-11-29T13:32:00Z,0.743344,-20
713,4000,Long,2016-11-29T22:15:00Z,2016-11-30T01:02:00Z,0.7480688,2016-11-30T14:09:00Z,0.7430688,-20
717,4000,Long,2016-12-01T06:00:00Z,2016-12-01T07:56:00Z,0.740356,2016-12-02T00:07:00Z,0.742646,9.16000000000006
718,4000,Long,2016-12-02T02:00:00Z,2016-12-02T03:26:00Z,0.7410964,2016-12-02T08:10:00Z,0.7423524,5.02400000000014
719,4000,Long,2016-12-02T10:00:00Z,2016-12-02T11:00:00Z,0.7417964,2016-12-02T13:30:00Z,0.7430524,5.02400000000014
721,4000,Long,2016-12-02T18:00:00Z,2016-12-02T19:55:00Z,0.7443624,2016-12-02T21:38:00Z,0.7458084,5.78399999999979
722,4000,Long,2016-12-04T22:15:00Z,2016-12-04T22:15:00Z,0.7447704,2016-12-05T15:42:00Z,0.7462364,5.86399999999987
723,4000,Long,2016-12-05T18:00:00Z,2016-12-05T19:11:00Z,0.7483276,2016-12-06T08:32:00Z,0.7433276,-20
725,4000,Long,2016-12-06T14:00:00Z,2016-12-06T14:13:00Z,0.7448696,2016-12-06T15:35:00Z,0.7462036,5.33600000000023
727,4000,Long,2016-12-06T22:15:00Z,2016-12-07T00:30:00Z,0.7458248,2016-12-07T15:10:00Z,0.7468668,4.16799999999995
729,4000,Long,2016-12-07T22:15:00Z,2016-12-08T01:27:00Z,0.7476984,2016-12-08T02:22:00Z,0.7490344,5.34400000000002
731,4000,Long,2016-12-08T10:00:00Z,2016-12-08T10:30:00Z,0.7490956,2016-12-08T14:50:00Z,0.7440956,-20
733,4000,Long,2016-12-08T22:15:00Z,2016-12-08T22:27:00Z,0.745396,2016-12-09T06:12:00Z,0.746986,6.35999999999992
734,4000,Long,2016-12-09T10:00:00Z,2016-12-09T12:19:00Z,0.7472004,2016-12-12T13:22:00Z,0.7486164,5.66399999999989
736,4000,Long,2016-12-12T18:00:00Z,2016-12-12T19:17:00Z,0.7493492,2016-12-13T00:48:00Z,0.7508172,5.8720000000001
737,4000,Long,2016-12-13T02:00:00Z,2016-12-13T05:24:00Z,0.748968,2016-12-13T13:23:00Z,0.750338,5.47999999999993
738,4000,Long,2016-12-13T14:00:00Z,2016-12-13T14:10:00Z,0.7507268,2016-12-13T14:37:00Z,0.7514988,3.08799999999998
740,4000,Long,2016-12-13T22:15:00Z,2016-12-13T22:23:00Z,0.7488552,2016-12-14T00:52:00Z,0.7498132,3.83200000000006
744,4000,Long,2016-12-14T14:00:00Z,2016-12-14T14:01:00Z,0.7509672,2016-12-14T14:36:00Z,0.7518052,3.35200000000002
745,4000,Long,2016-12-14T18:00:00Z,2016-12-14T18:05:00Z,0.7503504,2016-12-14T19:13:00Z,0.7453504,-20
746,4000,Long,2016-12-14T22:15:00Z,2016-12-15T00:19:00Z,0.7389304,2016-12-15T01:19:00Z,0.7415464,10.4639999999998
748,4000,Long,2016-12-15T06:00:00Z,2016-12-15T08:31:00Z,0.7396968,2016-12-15T16:27:00Z,0.7346968,-20
750,4000,Long,2016-12-15T22:15:00Z,2016-12-16T01:02:00Z,0.735178,2016-12-16T15:27:00Z,0.730178,-20
752,4000,Long,2016-12-18T22:15:00Z,2016-12-18T22:23:00Z,0.7279128,2016-12-19T01:01:00Z,0.7299748,8.24800000000003
753,4000,Long,2016-12-19T02:00:00Z,2016-12-19T02:49:00Z,0.7295228,2016-12-19T18:37:00Z,0.7245228,-20
755,4000,Long,2016-12-20T02:00:00Z,2016-12-20T02:29:00Z,0.724718,2016-12-20T07:16:00Z,0.726038,5.27999999999995
756,4000,Long,2016-12-20T10:00:00Z,2016-12-20T11:57:00Z,0.7227244,2016-12-20T15:08:00Z,0.7239004,4.70399999999982
759,4000,Long,2016-12-21T02:00:00Z,2016-12-21T02:44:00Z,0.7260472,2016-12-21T12:12:00Z,0.7270352,3.95199999999996
760,4000,Long,2016-12-21T14:00:00Z,2016-12-21T14:24:00Z,0.726796,2016-12-22T09:32:00Z,0.721796,-20
761,4000,Long,2016-12-22T10:00:00Z,2016-12-22T10:42:00Z,0.7208964,2016-12-22T15:00:00Z,0.7222024,5.22400000000012
764,4000,Long,2016-12-23T02:00:00Z,2016-12-23T02:30:00Z,0.721184,2016-12-23T13:30:00Z,0.716184,-20
769,4000,Long,2016-12-27T10:00:00Z,2016-12-27T10:34:00Z,0.7186504,2016-12-28T01:21:00Z,0.7198164,4.664
771,4000,Long,2016-12-28T06:00:00Z,2016-12-28T06:01:00Z,0.7209752,2016-12-28T06:44:00Z,0.7216332,2.63200000000019
772,4000,Long,2016-12-28T10:00:00Z,2016-12-28T10:43:00Z,0.7189308,2016-12-29T02:18:00Z,0.7197128,3.1279999999998
774,4000,Long,2016-12-29T10:00:00Z,2016-12-29T10:30:00Z,0.7209732,2016-12-29T16:21:00Z,0.7221012,4.51200000000007
