20120120  00:00:00,1.2963,1.29625,1.2964,1.29635,1.2963,1.2962,1.2963,1.2962,-1
20120120  00:01:00,1.2963,1.2962,1.29635,1.29625,1.2963,1.2962,1.2963,1.2962,-1
20120120  00:02:00,1.2963,1.2962,1.2963,1.29625,1.2963,1.2962,1.2963,1.29625,-1
20120120  00:03:00,1.2963,1.29625,1.2963,1.29625,1.2963,1.2962,1.2963,1.29625,-1
20120120  00:04:00,1.2963,1.29625,1.29635,1.2963,1.2963,1.2962,1.29635,1.2963,-1
20120120  00:05:00,1.29635,1.2963,1.2964,1.2963,1.29625,1.2962,1.29625,1.2962,-1
20120120  00:06:00,1.29625,1.2962,1.2964,1.2963,1.29625,1.2962,1.29635,1.2963,-1
20120120  00:07:00,1.29635,1.2963,1.2964,1.2963,1.29635,1.2963,1.29635,1.2963,-1
20120120  00:08:00,1.29635,1.2963,1.29635,1.2963,1.29635,1.29625,1.29635,1.2963,-1
20120120  00:09:00,1.29635,1.2963,1.2964,1.29635,1.29635,1.2963,1.2964,1.29635,-1
20120120  00:10:00,1.2964,1.29635,1.2965,1.29645,1.2964,1.29635,1.2965,1.2964,-1
20120120  00:11:00,1.2965,1.2964,1.2965,1.29645,1.29645,1.2964,1.2965,1.2964,-1
20120120  00:12:00,1.2965,1.2964,1.2965,1.29645,1.29645,1.2964,1.29645,1.2964,-1
20120120  00:13:00,1.29645,1.2964,1.2965,1.2964,1.29645,1.2964,1.29645,1.2964,-1
20120120  00:14:00,1.29645,1.2964,1.29645,1.2964,1.29645,1.2964,1.29645,1.2964,-1
20120120  00:15:00,1.29645,1.2964,1.2965,1.2964,1.29645,1.2964,1.29645,1.2964,-1
20120120  00:16:00,1.29645,1.2964,1.2965,1.29645,1.29645,1.2964,1.2965,1.2964,-1
20120120  00:17:00,1.2965,1.2964,1.2965,1.29645,1.2965,1.2964,1.2965,1.29645,-1
20120120  00:18:00,1.2965,1.29645,1.2965,1.29645,1.2964,1.29635,1.2965,1.29645,-1
20120120  00:19:00,1.2965,1.29645,1.2965,1.29645,1.2964,1.29635,1.29645,1.29635,-1
20120120  00:20:00,1.29645,1.29635,1.2965,1.29645,1.29645,1.29635,1.2965,1.2964,-1
20120120  00:21:00,1.2965,1.2964,1.2966,1.29655,1.2965,1.2964,1.2965,1.29645,-1
20120120  00:22:00,1.2965,1.29645,1.2965,1.29645,1.2965,1.2964,1.2965,1.2964,-1
20120120  00:23:00,1.2965,1.2964,1.2966,1.2965,1.29645,1.2964,1.29655,1.29645,-1
20120120  00:24:00,1.29655,1.29645,1.2966,1.29655,1.29645,1.2964,1.2965,1.2964,-1
20120120  00:25:00,1.2965,1.2964,1.29655,1.2965,1.29645,1.2964,1.2965,1.2964,-1
20120120  00:26:00,1.2965,1.2964,1.2965,1.29645,1.2964,1.29635,1.2964,1.29635,-1
20120120  00:27:00,1.2964,1.29635,1.2965,1.2964,1.2964,1.2963,1.2965,1.2964,-1
20120120  00:28:00,1.2965,1.2964,1.29655,1.2965,1.29645,1.29635,1.2965,1.2964,-1
20120120  00:29:00,1.2965,1.2964,1.2965,1.2964,1.29645,1.2964,1.29645,1.2964,-1
20120120  00:30:00,1.29645,1.2964,1.29655,1.2965,1.29645,1.29635,1.2965,1.2964,-1
20120120  00:31:00,1.2965,1.2964,1.29655,1.2965,1.2965,1.2964,1.2965,1.29645,-1
20120120  00:32:00,1.2965,1.29645,1.2966,1.29655,1.2965,1.2964,1.29655,1.2965,-1
20120120  00:33:00,1.29655,1.2965,1.2966,1.29655,1.29655,1.2965,1.2966,1.2965,-1
20120120  00:34:00,1.2966,1.2965,1.2966,1.2965,1.2965,1.29645,1.29655,1.29645,-1
20120120  00:35:00,1.29655,1.29645,1.2966,1.2965,1.2965,1.2964,1.29655,1.2965,-1
20120120  00:36:00,1.29655,1.2965,1.2966,1.29655,1.29655,1.2965,1.2966,1.29655,-1
20120120  00:37:00,1.2966,1.29655,1.2966,1.29655,1.2966,1.2965,1.2966,1.2965,-1
20120120  00:38:00,1.2966,1.2965,1.2966,1.29655,1.29655,1.2965,1.29655,1.2965,-1
20120120  00:39:00,1.29655,1.2965,1.2966,1.2965,1.2965,1.29645,1.2966,1.2965,-1
20120120  00:40:00,1.2966,1.2965,1.2967,1.29665,1.29655,1.2965,1.29665,1.2966,-1
20120120  00:41:00,1.29665,1.2966,1.2967,1.2966,1.2966,1.29655,1.29665,1.29655,-1
20120120  00:42:00,1.29665,1.29655,1.2967,1.29665,1.2966,1.29655,1.2967,1.29665,-1
20120120  00:43:00,1.2967,1.29665,1.2967,1.29665,1.29665,1.2966,1.2967,1.29665,-1
20120120  00:44:00,1.2967,1.29665,1.29675,1.2967,1.2967,1.29665,1.2967,1.29665,-1
20120120  00:45:00,1.2967,1.29665,1.29675,1.29665,1.2966,1.29655,1.2967,1.2966,-1
20120120  00:46:00,1.2967,1.2966,1.29675,1.2967,1.29665,1.2966,1.29665,1.2966,-1
20120120  00:47:00,1.29665,1.2966,1.29675,1.29665,1.29655,1.2965,1.2966,1.29655,-1
20120120  00:48:00,1.2966,1.29655,1.29675,1.29665,1.2965,1.29645,1.2967,1.29665,-1
20120120  00:49:00,1.2967,1.29665,1.2968,1.29675,1.29665,1.2966,1.29665,1.2966,-1
20120120  00:50:00,1.29665,1.2966,1.29665,1.2966,1.29645,1.2964,1.29645,1.2964,-1
20120120  00:51:00,1.29645,1.2964,1.29655,1.2965,1.2964,1.29635,1.2965,1.29645,-1
20120120  00:52:00,1.2965,1.29645,1.2966,1.29655,1.2965,1.29645,1.2966,1.29655,-1
20120120  00:53:00,1.2966,1.29655,1.2966,1.29655,1.2965,1.2964,1.2966,1.29655,-1
20120120  00:54:00,1.2966,1.29655,1.29665,1.2966,1.2966,1.2965,1.2966,1.29655,-1
20120120  00:55:00,1.2966,1.29655,1.2966,1.29655,1.29635,1.2963,1.29645,1.2964,-1
20120120  00:56:00,1.29645,1.2964,1.2965,1.29645,1.29645,1.2964,1.2965,1.29645,-1
20120120  00:57:00,1.2965,1.29645,1.29655,1.29645,1.29645,1.2964,1.2965,1.2964,-1
20120120  00:58:00,1.2965,1.2964,1.2965,1.29645,1.2964,1.29635,1.29645,1.2964,-1
20120120  00:59:00,1.29645,1.2964,1.29645,1.2964,1.29625,1.29615,1.2963,1.29625,-1
20120120  01:00:00,1.2963,1.29625,1.29635,1.2963,1.2962,1.29615,1.29635,1.2963,-1
20120120  01:01:00,1.29635,1.2963,1.2965,1.29645,1.2963,1.29625,1.2965,1.2964,-1
20120120  01:02:00,1.2965,1.2964,1.2965,1.29645,1.29635,1.2963,1.29645,1.2964,-1
20120120  01:03:00,1.29645,1.2964,1.29655,1.2965,1.2964,1.29635,1.2965,1.29645,-1
20120120  01:04:00,1.2965,1.29645,1.2965,1.29645,1.29645,1.2964,1.29645,1.2964,-1
20120120  01:05:00,1.29645,1.2964,1.2965,1.29645,1.29645,1.2964,1.2965,1.29645,-1
20120120  01:06:00,1.2965,1.29645,1.2969,1.29685,1.2965,1.2964,1.2969,1.29685,-1
20120120  01:07:00,1.2969,1.29685,1.297,1.29695,1.2969,1.2968,1.2969,1.29685,-1
20120120  01:08:00,1.2969,1.29685,1.297,1.29695,1.2969,1.29685,1.297,1.29695,-1
20120120  01:09:00,1.297,1.29695,1.29715,1.2971,1.29695,1.2969,1.29705,1.297,-1
20120120  01:10:00,1.29705,1.297,1.29725,1.2972,1.29705,1.297,1.2971,1.29705,-1
20120120  01:11:00,1.2971,1.29705,1.29715,1.2971,1.2971,1.297,1.29715,1.29705,-1
20120120  01:12:00,1.29715,1.29705,1.2975,1.29745,1.2971,1.29705,1.29745,1.2974,-1
20120120  01:13:00,1.29745,1.2974,1.2978,1.29775,1.29745,1.2974,1.2978,1.2977,-1
20120120  01:14:00,1.2978,1.2977,1.29815,1.29805,1.29775,1.2977,1.298,1.29795,-1
20120120  01:15:00,1.298,1.29795,1.29805,1.29795,1.2979,1.2978,1.2979,1.29785,-1
20120120  01:16:00,1.2979,1.29785,1.29795,1.29785,1.29775,1.29765,1.2978,1.2977,-1
20120120  01:17:00,1.2978,1.2977,1.2978,1.2977,1.2975,1.29745,1.29755,1.2975,-1
20120120  01:18:00,1.29755,1.2975,1.2977,1.29765,1.29755,1.29745,1.29755,1.29745,-1
20120120  01:19:00,1.29755,1.29745,1.29765,1.2976,1.2974,1.29735,1.2976,1.2975,-1
20120120  01:20:00,1.2976,1.2975,1.2976,1.29755,1.2975,1.29745,1.29755,1.2975,-1
20120120  01:21:00,1.29755,1.2975,1.29785,1.2978,1.29755,1.2975,1.2977,1.2976,-1
20120120  01:22:00,1.2977,1.2976,1.29785,1.2978,1.29765,1.2976,1.29775,1.2977,-1
20120120  01:23:00,1.29775,1.2977,1.29795,1.29785,1.2977,1.29765,1.29785,1.2978,-1
20120120  01:24:00,1.29785,1.2978,1.29795,1.29785,1.29765,1.29755,1.2978,1.29775,-1
20120120  01:25:00,1.2978,1.29775,1.29795,1.2979,1.2978,1.2977,1.29795,1.29785,-1
20120120  01:26:00,1.29795,1.29785,1.2981,1.29805,1.29795,1.29785,1.29805,1.298,-1
20120120  01:27:00,1.29805,1.298,1.2981,1.29805,1.2978,1.2977,1.2978,1.29775,-1
20120120  01:28:00,1.2978,1.29775,1.29785,1.2978,1.29765,1.2976,1.29765,1.2976,-1
20120120  01:29:00,1.29765,1.2976,1.29775,1.2977,1.2975,1.2974,1.2976,1.2975,-1
20120120  01:30:00,1.2976,1.2975,1.2976,1.29755,1.2975,1.29745,1.2975,1.29745,-1
20120120  01:31:00,1.2975,1.29745,1.2976,1.2975,1.29745,1.29735,1.29745,1.2974,-1
20120120  01:32:00,1.29745,1.2974,1.2975,1.2974,1.2974,1.2973,1.2975,1.2974,-1
20120120  01:33:00,1.2975,1.2974,1.29765,1.2976,1.29745,1.2974,1.2975,1.29745,-1
20120120  01:34:00,1.2975,1.29745,1.2976,1.29755,1.29745,1.2974,1.2975,1.2974,-1
20120120  01:35:00,1.2975,1.2974,1.2975,1.29745,1.2974,1.29735,1.2974,1.29735,-1
20120120  01:36:00,1.2974,1.29735,1.29745,1.2974,1.2974,1.2973,1.2974,1.29735,-1
20120120  01:37:00,1.2974,1.29735,1.2974,1.29735,1.2973,1.29725,1.29735,1.29725,-1
20120120  01:38:00,1.29735,1.29725,1.29775,1.2977,1.2973,1.29725,1.2977,1.29765,-1
20120120  01:39:00,1.2977,1.29765,1.2977,1.29765,1.29745,1.2974,1.2976,1.29755,-1
20120120  01:40:00,1.2976,1.29755,1.29765,1.2976,1.2976,1.2975,1.29765,1.2976,-1
20120120  01:41:00,1.29765,1.2976,1.2977,1.29765,1.2976,1.29755,1.2977,1.29765,-1
20120120  01:42:00,1.2977,1.29765,1.29795,1.2979,1.2977,1.29765,1.29795,1.2979,-1
20120120  01:43:00,1.29795,1.2979,1.29805,1.298,1.2979,1.29785,1.298,1.29795,-1
20120120  01:44:00,1.298,1.29795,1.29805,1.298,1.29775,1.2977,1.2978,1.2977,-1
20120120  01:45:00,1.2978,1.2977,1.2978,1.29775,1.29775,1.29765,1.2978,1.29775,-1
20120120  01:46:00,1.2978,1.29775,1.29795,1.2979,1.29775,1.29765,1.29785,1.2978,-1
20120120  01:47:00,1.29785,1.2978,1.29795,1.2979,1.29775,1.2977,1.2978,1.2977,-1
20120120  01:48:00,1.2978,1.2977,1.2978,1.29775,1.2975,1.2974,1.29755,1.2975,-1
20120120  01:49:00,1.29755,1.2975,1.2977,1.2976,1.2975,1.29745,1.29765,1.2976,-1
20120120  01:50:00,1.29765,1.2976,1.2977,1.29765,1.29765,1.29755,1.29765,1.29755,-1
20120120  01:51:00,1.29765,1.29755,1.29765,1.29755,1.29735,1.2973,1.2974,1.29735,-1
20120120  01:52:00,1.2974,1.29735,1.29755,1.2975,1.2973,1.29725,1.2975,1.29745,-1
20120120  01:53:00,1.2975,1.29745,1.2975,1.29745,1.29725,1.29715,1.29735,1.29725,-1
20120120  01:54:00,1.29735,1.29725,1.2974,1.29735,1.2972,1.29715,1.2972,1.29715,-1
20120120  01:55:00,1.2972,1.29715,1.2975,1.29745,1.2972,1.29715,1.2974,1.29735,-1
20120120  01:56:00,1.2974,1.29735,1.2975,1.29745,1.29735,1.29725,1.2975,1.29745,-1
20120120  01:57:00,1.2975,1.29745,1.2976,1.29755,1.29745,1.29735,1.29745,1.2974,-1
20120120  01:58:00,1.29745,1.2974,1.2975,1.29745,1.2974,1.2973,1.29745,1.29735,-1
20120120  01:59:00,1.29745,1.29735,1.2975,1.29745,1.29735,1.2973,1.29745,1.2974,-1
20120120  02:00:00,1.29745,1.2974,1.29765,1.29755,1.2974,1.2973,1.29745,1.2974,-1
20120120  02:01:00,1.29745,1.2974,1.2975,1.29745,1.2974,1.29735,1.29745,1.29735,-1
20120120  02:02:00,1.29745,1.29735,1.29745,1.2974,1.29685,1.2968,1.2969,1.29685,-1
20120120  02:03:00,1.2969,1.29685,1.2969,1.29685,1.29675,1.2967,1.29685,1.2968,-1
20120120  02:04:00,1.29685,1.2968,1.2969,1.29685,1.2968,1.29675,1.29685,1.2968,-1
20120120  02:05:00,1.29685,1.2968,1.29705,1.297,1.29675,1.2967,1.297,1.29695,-1
20120120  02:06:00,1.297,1.29695,1.29725,1.2972,1.297,1.29695,1.297,1.29695,-1
20120120  02:07:00,1.297,1.29695,1.29705,1.297,1.29685,1.2968,1.29705,1.297,-1
20120120  02:08:00,1.29705,1.297,1.29715,1.29705,1.29685,1.2968,1.2969,1.29685,-1
20120120  02:09:00,1.2969,1.29685,1.29705,1.297,1.2968,1.2967,1.297,1.2969,-1
20120120  02:10:00,1.297,1.2969,1.29725,1.2972,1.297,1.2969,1.29705,1.29695,-1
20120120  02:11:00,1.29705,1.29695,1.29705,1.29695,1.29685,1.2968,1.29685,1.2968,-1
20120120  02:12:00,1.29685,1.2968,1.29685,1.2968,1.29675,1.29665,1.29675,1.2967,-1
20120120  02:13:00,1.29675,1.2967,1.29675,1.2967,1.29655,1.2965,1.29665,1.2966,-1
20120120  02:14:00,1.29665,1.2966,1.2969,1.29685,1.2965,1.29645,1.2967,1.29665,-1
20120120  02:15:00,1.2967,1.29665,1.2969,1.2968,1.2961,1.29605,1.29615,1.2961,-1
20120120  02:16:00,1.29615,1.2961,1.29655,1.2965,1.296,1.29595,1.29605,1.296,-1
20120120  02:17:00,1.29605,1.296,1.2962,1.29615,1.29595,1.2959,1.29615,1.29605,-1
20120120  02:18:00,1.29615,1.29605,1.2964,1.29635,1.2961,1.296,1.2964,1.2963,-1
20120120  02:19:00,1.2964,1.2963,1.29645,1.2964,1.29625,1.29615,1.2963,1.2962,-1
20120120  02:20:00,1.2963,1.2962,1.2963,1.2962,1.296,1.29595,1.2962,1.29615,-1
20120120  02:21:00,1.2962,1.29615,1.29625,1.2962,1.29605,1.296,1.29615,1.2961,-1
20120120  02:22:00,1.29615,1.2961,1.2966,1.29655,1.2961,1.29605,1.2966,1.2965,-1
20120120  02:23:00,1.2966,1.2965,1.29695,1.2969,1.2965,1.2964,1.2968,1.29675,-1
20120120  02:24:00,1.2968,1.29675,1.2968,1.29675,1.2965,1.2964,1.2965,1.29645,-1
20120120  02:25:00,1.2965,1.29645,1.29665,1.2966,1.29625,1.29615,1.29625,1.2962,-1
20120120  02:26:00,1.29625,1.2962,1.29655,1.2965,1.29625,1.2962,1.2964,1.29635,-1
20120120  02:27:00,1.2964,1.29635,1.29685,1.2968,1.2964,1.29635,1.29685,1.29675,-1
20120120  02:28:00,1.29685,1.29675,1.2969,1.29685,1.2966,1.29655,1.2966,1.29655,-1
20120120  02:29:00,1.2966,1.29655,1.297,1.29695,1.2966,1.29655,1.29685,1.29675,-1
20120120  02:30:00,1.29685,1.29675,1.2972,1.2971,1.2968,1.29675,1.2972,1.2971,-1
20120120  02:31:00,1.2972,1.2971,1.29765,1.2976,1.29715,1.2971,1.29765,1.2976,-1
20120120  02:32:00,1.29765,1.2976,1.2977,1.2976,1.2973,1.29725,1.29765,1.2976,-1
20120120  02:33:00,1.29765,1.2976,1.2981,1.298,1.29755,1.2975,1.2979,1.2978,-1
20120120  02:34:00,1.2979,1.2978,1.29855,1.2985,1.2977,1.29765,1.29855,1.2985,-1
20120120  02:35:00,1.29855,1.2985,1.2987,1.2986,1.29835,1.2983,1.2984,1.2983,-1
20120120  02:36:00,1.2984,1.2983,1.2984,1.29835,1.2981,1.29805,1.29835,1.2983,-1
20120120  02:37:00,1.29835,1.2983,1.2984,1.29835,1.2981,1.29805,1.2982,1.2981,-1
20120120  02:38:00,1.2982,1.2981,1.29825,1.2982,1.29795,1.2979,1.2981,1.29805,-1
20120120  02:39:00,1.2981,1.29805,1.2981,1.29805,1.29785,1.29775,1.298,1.29795,-1
20120120  02:40:00,1.298,1.29795,1.2981,1.29805,1.2977,1.2976,1.2977,1.29765,-1
20120120  02:41:00,1.2977,1.29765,1.29805,1.298,1.2977,1.2976,1.298,1.2979,-1
20120120  02:42:00,1.298,1.2979,1.2982,1.29815,1.29785,1.29775,1.2979,1.29785,-1
20120120  02:43:00,1.2979,1.29785,1.298,1.29795,1.2978,1.29775,1.29785,1.29775,-1
20120120  02:44:00,1.29785,1.29775,1.29805,1.298,1.29785,1.29775,1.298,1.29795,-1
20120120  02:45:00,1.298,1.29795,1.298,1.29795,1.29775,1.29765,1.2979,1.2978,-1
20120120  02:46:00,1.2979,1.2978,1.29815,1.2981,1.29785,1.2978,1.29815,1.29805,-1
20120120  02:47:00,1.29815,1.29805,1.29815,1.2981,1.298,1.29795,1.2981,1.29805,-1
20120120  02:48:00,1.2981,1.29805,1.2981,1.29805,1.29775,1.2977,1.2978,1.2977,-1
20120120  02:49:00,1.2978,1.2977,1.2978,1.29775,1.29755,1.2975,1.29765,1.2976,-1
20120120  02:50:00,1.29765,1.2976,1.29795,1.2979,1.29765,1.29755,1.29795,1.2979,-1
20120120  02:51:00,1.29795,1.2979,1.29805,1.29795,1.29775,1.2977,1.29785,1.29775,-1
20120120  02:52:00,1.29785,1.29775,1.2979,1.2978,1.2978,1.29775,1.2978,1.29775,-1
20120120  02:53:00,1.2978,1.29775,1.2979,1.2978,1.29775,1.2977,1.2978,1.29775,-1
20120120  02:54:00,1.2978,1.29775,1.29785,1.2978,1.2976,1.29755,1.29765,1.29755,-1
20120120  02:55:00,1.29765,1.29755,1.29765,1.2976,1.29755,1.2975,1.2976,1.29755,-1
20120120  02:56:00,1.2976,1.29755,1.2976,1.29755,1.29695,1.2969,1.2972,1.2971,-1
20120120  02:57:00,1.2972,1.2971,1.2972,1.29715,1.2969,1.29685,1.29705,1.29695,-1
20120120  02:58:00,1.29705,1.29695,1.2971,1.297,1.2967,1.29665,1.2967,1.29665,-1
20120120  02:59:00,1.2967,1.29665,1.29695,1.2969,1.29665,1.29655,1.2969,1.29685,-1
20120120  03:00:00,1.2969,1.29685,1.2969,1.29685,1.29635,1.2963,1.29645,1.29635,-1
20120120  03:01:00,1.29645,1.29635,1.29655,1.29645,1.296,1.2959,1.2962,1.29615,-1
20120120  03:02:00,1.2962,1.29615,1.2965,1.29645,1.2962,1.29615,1.29635,1.2963,-1
20120120  03:03:00,1.29635,1.2963,1.2966,1.29655,1.2963,1.29625,1.2966,1.29655,-1
20120120  03:04:00,1.2966,1.29655,1.2968,1.29675,1.2965,1.29645,1.29655,1.2965,-1
20120120  03:05:00,1.29655,1.2965,1.2968,1.29675,1.29645,1.2964,1.2968,1.29675,-1
20120120  03:06:00,1.2968,1.29675,1.29685,1.2968,1.29625,1.2962,1.2966,1.29655,-1
20120120  03:07:00,1.2966,1.29655,1.29675,1.2967,1.2964,1.2963,1.2965,1.29645,-1
20120120  03:08:00,1.2965,1.29645,1.29655,1.2965,1.296,1.2959,1.2961,1.29605,-1
20120120  03:09:00,1.2961,1.29605,1.2963,1.29625,1.296,1.2959,1.29605,1.296,-1
20120120  03:10:00,1.29605,1.296,1.2962,1.29615,1.29555,1.29545,1.2956,1.2955,-1
20120120  03:11:00,1.2956,1.2955,1.29575,1.2957,1.29535,1.2953,1.2954,1.2953,-1
20120120  03:12:00,1.2954,1.2953,1.2955,1.2954,1.29515,1.2951,1.2954,1.2953,-1
20120120  03:13:00,1.2954,1.2953,1.29555,1.2955,1.2953,1.2952,1.29545,1.2954,-1
20120120  03:14:00,1.29545,1.2954,1.29545,1.2954,1.29465,1.2946,1.2947,1.2946,-1
20120120  03:15:00,1.2947,1.2946,1.2951,1.29505,1.2945,1.29445,1.29495,1.2949,-1
20120120  03:16:00,1.29495,1.2949,1.2951,1.29505,1.2948,1.29475,1.29505,1.295,-1
20120120  03:17:00,1.29505,1.295,1.2952,1.29515,1.29445,1.2944,1.29475,1.2947,-1
20120120  03:18:00,1.29475,1.2947,1.2953,1.29525,1.29475,1.2947,1.2953,1.29525,-1
20120120  03:19:00,1.2953,1.29525,1.2954,1.2953,1.2949,1.29485,1.295,1.2949,-1
20120120  03:20:00,1.295,1.2949,1.2951,1.29505,1.2948,1.29475,1.29495,1.2949,-1
20120120  03:21:00,1.29495,1.2949,1.29505,1.295,1.29465,1.2946,1.2948,1.29475,-1
20120120  03:22:00,1.2948,1.29475,1.2953,1.2952,1.29475,1.2947,1.2953,1.2952,-1
20120120  03:23:00,1.2953,1.2952,1.2955,1.29545,1.295,1.29495,1.2951,1.295,-1
20120120  03:24:00,1.2951,1.295,1.29525,1.2952,1.295,1.29495,1.2952,1.29515,-1
20120120  03:25:00,1.2952,1.29515,1.2953,1.29525,1.29485,1.29475,1.2949,1.29485,-1
20120120  03:26:00,1.2949,1.29485,1.295,1.29495,1.2947,1.29465,1.295,1.29495,-1
20120120  03:27:00,1.295,1.29495,1.29505,1.295,1.2947,1.2946,1.29495,1.2949,-1
20120120  03:28:00,1.29495,1.2949,1.2953,1.29525,1.29485,1.2948,1.2953,1.2952,-1
20120120  03:29:00,1.2953,1.2952,1.2956,1.2955,1.29525,1.2952,1.29525,1.2952,-1
20120120  03:30:00,1.29525,1.2952,1.2954,1.2953,1.295,1.29495,1.2954,1.2953,-1
20120120  03:31:00,1.2954,1.2953,1.29545,1.2954,1.2952,1.29515,1.29525,1.29515,-1
20120120  03:32:00,1.29525,1.29515,1.29525,1.2952,1.29515,1.2951,1.29515,1.2951,-1
20120120  03:33:00,1.29515,1.2951,1.29515,1.2951,1.2946,1.29455,1.2946,1.29455,-1
20120120  03:34:00,1.2946,1.29455,1.2946,1.29455,1.2941,1.29405,1.2941,1.29405,-1
20120120  03:35:00,1.2941,1.29405,1.29415,1.2941,1.29385,1.2938,1.29385,1.2938,-1
20120120  03:36:00,1.29385,1.2938,1.2939,1.29385,1.2937,1.29365,1.29385,1.2938,-1
20120120  03:37:00,1.29385,1.2938,1.2943,1.29425,1.29385,1.2938,1.2941,1.294,-1
20120120  03:38:00,1.2941,1.294,1.29415,1.2941,1.29385,1.2938,1.29415,1.2941,-1
20120120  03:39:00,1.29415,1.2941,1.29425,1.2942,1.29385,1.2938,1.2939,1.29385,-1
20120120  03:40:00,1.2939,1.29385,1.29395,1.29385,1.29355,1.2935,1.29365,1.2936,-1
20120120  03:41:00,1.29365,1.2936,1.29365,1.2936,1.2931,1.29305,1.2934,1.29335,-1
20120120  03:42:00,1.2934,1.29335,1.2934,1.29335,1.293,1.29295,1.293,1.29295,-1
20120120  03:43:00,1.293,1.29295,1.29325,1.29315,1.29295,1.2929,1.29295,1.2929,-1
20120120  03:44:00,1.29295,1.2929,1.2935,1.29345,1.29295,1.2929,1.29315,1.2931,-1
20120120  03:45:00,1.29315,1.2931,1.29335,1.2933,1.2931,1.29305,1.2933,1.29325,-1
20120120  03:46:00,1.2933,1.29325,1.2936,1.29355,1.29325,1.2932,1.2936,1.29355,-1
20120120  03:47:00,1.2936,1.29355,1.29365,1.2936,1.29345,1.29335,1.29355,1.29345,-1
20120120  03:48:00,1.29355,1.29345,1.29355,1.29345,1.2929,1.29285,1.29325,1.2932,-1
20120120  03:49:00,1.29325,1.2932,1.2933,1.2932,1.29285,1.2928,1.29285,1.2928,-1
20120120  03:50:00,1.29285,1.2928,1.2929,1.2928,1.2925,1.29245,1.29255,1.2925,-1
20120120  03:51:00,1.29255,1.2925,1.29275,1.2927,1.2925,1.2924,1.2927,1.29265,-1
20120120  03:52:00,1.2927,1.29265,1.29285,1.2928,1.29245,1.2924,1.29275,1.2927,-1
20120120  03:53:00,1.29275,1.2927,1.29315,1.2931,1.29265,1.2926,1.2931,1.29305,-1
20120120  03:54:00,1.2931,1.29305,1.2933,1.29325,1.293,1.29295,1.29305,1.29295,-1
20120120  03:55:00,1.29305,1.29295,1.29315,1.2931,1.29295,1.2929,1.293,1.2929,-1
20120120  03:56:00,1.293,1.2929,1.29315,1.2931,1.2929,1.29285,1.29315,1.2931,-1
20120120  03:57:00,1.29315,1.2931,1.29315,1.2931,1.2928,1.29275,1.29285,1.29275,-1
20120120  03:58:00,1.29285,1.29275,1.2929,1.29285,1.2927,1.29265,1.2928,1.2927,-1
20120120  03:59:00,1.2928,1.2927,1.29285,1.29275,1.2926,1.29255,1.2928,1.29275,-1
20120120  04:00:00,1.2928,1.29275,1.2929,1.29285,1.2922,1.29215,1.2922,1.29215,-1
20120120  04:01:00,1.2922,1.29215,1.2923,1.29225,1.2919,1.29185,1.29225,1.2922,-1
20120120  04:02:00,1.29225,1.2922,1.29235,1.2923,1.2921,1.292,1.29215,1.2921,-1
20120120  04:03:00,1.29215,1.2921,1.29235,1.2923,1.29185,1.2918,1.29235,1.29225,-1
20120120  04:04:00,1.29235,1.29225,1.29265,1.2926,1.29235,1.29225,1.29245,1.2924,-1
20120120  04:05:00,1.29245,1.2924,1.29255,1.2925,1.29225,1.2922,1.29255,1.2925,-1
20120120  04:06:00,1.29255,1.2925,1.2928,1.29275,1.29255,1.2925,1.29275,1.2927,-1
20120120  04:07:00,1.29275,1.2927,1.29285,1.2928,1.29255,1.2925,1.29265,1.2926,-1
20120120  04:08:00,1.29265,1.2926,1.29305,1.293,1.29255,1.2925,1.293,1.29295,-1
20120120  04:09:00,1.293,1.29295,1.29305,1.293,1.29285,1.2928,1.29295,1.2929,-1
20120120  04:10:00,1.29295,1.2929,1.29325,1.2932,1.2929,1.29285,1.29305,1.293,-1
20120120  04:11:00,1.29305,1.293,1.2935,1.2934,1.29305,1.293,1.2934,1.2933,-1
20120120  04:12:00,1.2934,1.2933,1.2937,1.29365,1.29335,1.2933,1.2937,1.29365,-1
20120120  04:13:00,1.2937,1.29365,1.2937,1.29365,1.29345,1.2934,1.29345,1.2934,-1
20120120  04:14:00,1.29345,1.2934,1.29355,1.2935,1.2933,1.29325,1.29335,1.2933,-1
20120120  04:15:00,1.29335,1.2933,1.29375,1.2937,1.2933,1.29325,1.29375,1.2937,-1
20120120  04:16:00,1.29375,1.2937,1.29375,1.2937,1.29325,1.2932,1.2933,1.29325,-1
20120120  04:17:00,1.2933,1.29325,1.2936,1.2935,1.2933,1.29325,1.29355,1.2935,-1
20120120  04:18:00,1.29355,1.2935,1.29395,1.2939,1.2935,1.2934,1.29395,1.2939,-1
20120120  04:19:00,1.29395,1.2939,1.29405,1.294,1.29395,1.29385,1.29405,1.29395,-1
20120120  04:20:00,1.29405,1.29395,1.2942,1.29415,1.29385,1.2938,1.29405,1.294,-1
20120120  04:21:00,1.29405,1.294,1.29415,1.2941,1.2939,1.29385,1.2939,1.29385,-1
20120120  04:22:00,1.2939,1.29385,1.294,1.29395,1.29375,1.2937,1.2939,1.29385,-1
20120120  04:23:00,1.2939,1.29385,1.29395,1.2939,1.29365,1.2936,1.29375,1.2937,-1
20120120  04:24:00,1.29375,1.2937,1.29385,1.2938,1.2936,1.29355,1.29365,1.2936,-1
20120120  04:25:00,1.29365,1.2936,1.29375,1.2937,1.2934,1.29335,1.2934,1.29335,-1
20120120  04:26:00,1.2934,1.29335,1.2934,1.29335,1.29295,1.2929,1.29305,1.29295,-1
20120120  04:27:00,1.29305,1.29295,1.29335,1.29325,1.29305,1.29295,1.2933,1.29325,-1
20120120  04:28:00,1.2933,1.29325,1.29375,1.29365,1.2933,1.29325,1.29345,1.2934,-1
20120120  04:29:00,1.29345,1.2934,1.29345,1.2934,1.29315,1.2931,1.2932,1.29315,-1
20120120  04:30:00,1.2932,1.29315,1.2933,1.29325,1.29275,1.2927,1.2928,1.29275,-1
20120120  04:31:00,1.2928,1.29275,1.29285,1.29275,1.29235,1.2923,1.29245,1.2924,-1
20120120  04:32:00,1.29245,1.2924,1.2926,1.29255,1.2924,1.29235,1.2926,1.2925,-1
20120120  04:33:00,1.2926,1.2925,1.2929,1.29285,1.29245,1.2924,1.2928,1.29275,-1
20120120  04:34:00,1.2928,1.29275,1.29285,1.2928,1.2915,1.29145,1.2917,1.29165,-1
20120120  04:35:00,1.2917,1.29165,1.2918,1.29175,1.2914,1.29135,1.29175,1.2917,-1
20120120  04:36:00,1.29175,1.2917,1.29185,1.2918,1.29155,1.2915,1.29165,1.2916,-1
20120120  04:37:00,1.29165,1.2916,1.29165,1.2916,1.2912,1.2911,1.2912,1.29115,-1
20120120  04:38:00,1.2912,1.29115,1.29125,1.2912,1.29055,1.2905,1.29075,1.2907,-1
20120120  04:39:00,1.29075,1.2907,1.29075,1.2907,1.28985,1.2898,1.29025,1.2902,-1
20120120  04:40:00,1.29025,1.2902,1.2905,1.29045,1.29025,1.2902,1.2905,1.29045,-1
20120120  04:41:00,1.2905,1.29045,1.29065,1.2906,1.2902,1.29015,1.2903,1.29025,-1
20120120  04:42:00,1.2903,1.29025,1.2908,1.29075,1.29025,1.2902,1.2907,1.29065,-1
20120120  04:43:00,1.2907,1.29065,1.291,1.29095,1.29065,1.29055,1.291,1.2909,-1
20120120  04:44:00,1.291,1.2909,1.291,1.2909,1.2906,1.29055,1.29075,1.29065,-1
20120120  04:45:00,1.29075,1.29065,1.2909,1.2908,1.29055,1.2905,1.2906,1.29055,-1
20120120  04:46:00,1.2906,1.29055,1.29075,1.29065,1.29035,1.2903,1.29035,1.2903,-1
20120120  04:47:00,1.29035,1.2903,1.29035,1.2903,1.2896,1.2895,1.2896,1.2895,-1
20120120  04:48:00,1.2896,1.2895,1.28985,1.28975,1.28945,1.2894,1.2897,1.28965,-1
20120120  04:49:00,1.2897,1.28965,1.29005,1.29,1.2897,1.28965,1.29,1.2899,-1
20120120  04:50:00,1.29,1.2899,1.29005,1.29,1.28975,1.2897,1.28985,1.2898,-1
20120120  04:51:00,1.28985,1.2898,1.28995,1.2899,1.28975,1.2897,1.28995,1.28985,-1
20120120  04:52:00,1.28995,1.28985,1.29035,1.2903,1.28995,1.28985,1.29035,1.2903,-1
20120120  04:53:00,1.29035,1.2903,1.2904,1.2903,1.2902,1.29015,1.29035,1.29025,-1
20120120  04:54:00,1.29035,1.29025,1.2906,1.29055,1.2903,1.29025,1.2905,1.29045,-1
20120120  04:55:00,1.2905,1.29045,1.29055,1.2905,1.29045,1.2904,1.2905,1.29045,-1
20120120  04:56:00,1.2905,1.29045,1.2908,1.29075,1.2905,1.29045,1.2908,1.29075,-1
20120120  04:57:00,1.2908,1.29075,1.2909,1.2908,1.29055,1.2905,1.2907,1.29065,-1
20120120  04:58:00,1.2907,1.29065,1.2907,1.29065,1.29045,1.2904,1.29055,1.2905,-1
20120120  04:59:00,1.29055,1.2905,1.2906,1.2905,1.29005,1.29,1.29005,1.29,-1
20120120  05:00:00,1.29005,1.29,1.2901,1.29005,1.28925,1.2892,1.2893,1.28925,-1
20120120  05:01:00,1.2893,1.28925,1.2896,1.28955,1.2892,1.28915,1.2893,1.28925,-1
20120120  05:02:00,1.2893,1.28925,1.2895,1.28945,1.2891,1.28905,1.2895,1.28945,-1
20120120  05:03:00,1.2895,1.28945,1.28995,1.2899,1.2895,1.28945,1.28995,1.28985,-1
20120120  05:04:00,1.28995,1.28985,1.29015,1.2901,1.28985,1.2898,1.29015,1.29005,-1
20120120  05:05:00,1.29015,1.29005,1.29015,1.2901,1.2897,1.2896,1.28975,1.28965,-1
20120120  05:06:00,1.28975,1.28965,1.28995,1.28985,1.2897,1.28965,1.28985,1.28975,-1
20120120  05:07:00,1.28985,1.28975,1.2903,1.29025,1.28985,1.28975,1.2903,1.29025,-1
20120120  05:08:00,1.2903,1.29025,1.29045,1.2904,1.2901,1.29005,1.29045,1.2904,-1
20120120  05:09:00,1.29045,1.2904,1.2906,1.2905,1.29015,1.2901,1.2902,1.29015,-1
20120120  05:10:00,1.2902,1.29015,1.29075,1.2907,1.28975,1.2897,1.2906,1.2905,-1
20120120  05:11:00,1.2906,1.2905,1.29075,1.2907,1.2903,1.29025,1.29075,1.2907,-1
20120120  05:12:00,1.29075,1.2907,1.29085,1.2908,1.2907,1.29065,1.29075,1.2907,-1
20120120  05:13:00,1.29075,1.2907,1.291,1.29095,1.2907,1.29065,1.291,1.29095,-1
20120120  05:14:00,1.291,1.29095,1.29135,1.2913,1.291,1.2909,1.2913,1.29125,-1
20120120  05:15:00,1.2913,1.29125,1.2913,1.29125,1.29095,1.2909,1.291,1.29095,-1
20120120  05:16:00,1.291,1.29095,1.2911,1.29105,1.2909,1.29085,1.2909,1.29085,-1
20120120  05:17:00,1.2909,1.29085,1.291,1.29095,1.29085,1.2908,1.291,1.29095,-1
20120120  05:18:00,1.291,1.29095,1.291,1.29095,1.29065,1.2906,1.2907,1.2906,-1
20120120  05:19:00,1.2907,1.2906,1.2907,1.29065,1.2905,1.29045,1.2906,1.29055,-1
20120120  05:20:00,1.2906,1.29055,1.2906,1.29055,1.2901,1.29005,1.2901,1.29005,-1
20120120  05:21:00,1.2901,1.29005,1.29015,1.2901,1.28985,1.2898,1.28995,1.28985,-1
20120120  05:22:00,1.28995,1.28985,1.29035,1.2903,1.28985,1.2898,1.2903,1.29025,-1
20120120  05:23:00,1.2903,1.29025,1.29045,1.2904,1.2903,1.29025,1.29045,1.29035,-1
20120120  05:24:00,1.29045,1.29035,1.29065,1.2906,1.2904,1.2903,1.29055,1.2905,-1
20120120  05:25:00,1.29055,1.2905,1.2906,1.29055,1.2901,1.29005,1.29015,1.2901,-1
20120120  05:26:00,1.29015,1.2901,1.29045,1.2904,1.29,1.28995,1.29045,1.2904,-1
20120120  05:27:00,1.29045,1.2904,1.29095,1.2909,1.29045,1.29035,1.29075,1.2907,-1
20120120  05:28:00,1.29075,1.2907,1.2911,1.29105,1.29075,1.2907,1.29105,1.29095,-1
20120120  05:29:00,1.29105,1.29095,1.2912,1.2911,1.291,1.29095,1.29105,1.291,-1
20120120  05:30:00,1.29105,1.291,1.29165,1.2916,1.29105,1.291,1.2916,1.29155,-1
20120120  05:31:00,1.2916,1.29155,1.2918,1.29175,1.2914,1.29135,1.29175,1.2917,-1
20120120  05:32:00,1.29175,1.2917,1.2918,1.2917,1.29145,1.29135,1.29175,1.29165,-1
20120120  05:33:00,1.29175,1.29165,1.29225,1.29215,1.29175,1.29165,1.2921,1.292,-1
20120120  05:34:00,1.2921,1.292,1.2922,1.29215,1.29195,1.2919,1.29215,1.2921,-1
20120120  05:35:00,1.29215,1.2921,1.2925,1.29245,1.29215,1.29205,1.29225,1.2922,-1
20120120  05:36:00,1.29225,1.2922,1.2925,1.29245,1.29225,1.2922,1.29245,1.29235,-1
20120120  05:37:00,1.29245,1.29235,1.29245,1.29235,1.29215,1.2921,1.2923,1.29225,-1
20120120  05:38:00,1.2923,1.29225,1.2924,1.2923,1.29205,1.292,1.29205,1.292,-1
20120120  05:39:00,1.29205,1.292,1.29245,1.2924,1.292,1.29195,1.29245,1.2924,-1
20120120  05:40:00,1.29245,1.2924,1.2928,1.2927,1.29245,1.29235,1.2926,1.29255,-1
20120120  05:41:00,1.2926,1.29255,1.2928,1.29275,1.2926,1.29255,1.2928,1.2927,-1
20120120  05:42:00,1.2928,1.2927,1.2928,1.2927,1.2923,1.2922,1.29245,1.2924,-1
20120120  05:43:00,1.29245,1.2924,1.2926,1.29255,1.2924,1.29235,1.2925,1.29245,-1
20120120  05:44:00,1.2925,1.29245,1.29265,1.2926,1.2923,1.29225,1.29265,1.29255,-1
20120120  05:45:00,1.29265,1.29255,1.29265,1.29255,1.29245,1.2924,1.2926,1.29255,-1
20120120  05:46:00,1.2926,1.29255,1.29305,1.293,1.2926,1.29255,1.29285,1.2928,-1
20120120  05:47:00,1.29285,1.2928,1.29295,1.2929,1.2927,1.29265,1.29275,1.2927,-1
20120120  05:48:00,1.29275,1.2927,1.29325,1.2932,1.29275,1.29265,1.29305,1.293,-1
20120120  05:49:00,1.29305,1.293,1.29325,1.2932,1.29295,1.2929,1.293,1.29295,-1
20120120  05:50:00,1.293,1.29295,1.29305,1.293,1.2928,1.29275,1.293,1.29295,-1
20120120  05:51:00,1.293,1.29295,1.2931,1.29305,1.2926,1.29255,1.2927,1.29265,-1
20120120  05:52:00,1.2927,1.29265,1.29285,1.2928,1.2925,1.29245,1.2928,1.29275,-1
20120120  05:53:00,1.2928,1.29275,1.29285,1.2928,1.2925,1.29245,1.2925,1.29245,-1
20120120  05:54:00,1.2925,1.29245,1.2925,1.29245,1.2922,1.29215,1.2922,1.29215,-1
20120120  05:55:00,1.2922,1.29215,1.29225,1.2922,1.2919,1.29185,1.2921,1.292,-1
20120120  05:56:00,1.2921,1.292,1.2921,1.292,1.2914,1.29135,1.29145,1.2914,-1
20120120  05:57:00,1.29145,1.2914,1.2916,1.29155,1.29135,1.2913,1.2915,1.29145,-1
20120120  05:58:00,1.2915,1.29145,1.2915,1.29145,1.29085,1.2908,1.2909,1.29085,-1
20120120  05:59:00,1.2909,1.29085,1.29105,1.291,1.2907,1.29065,1.2909,1.29085,-1
20120120  06:00:00,1.2909,1.29085,1.29095,1.2909,1.29075,1.29065,1.29095,1.2909,-1
20120120  06:01:00,1.29095,1.2909,1.2917,1.2916,1.2909,1.29085,1.29155,1.2915,-1
20120120  06:02:00,1.29155,1.2915,1.2926,1.2925,1.29145,1.29135,1.29245,1.29235,-1
20120120  06:03:00,1.29245,1.29235,1.29245,1.29235,1.29205,1.292,1.2921,1.29205,-1
20120120  06:04:00,1.2921,1.29205,1.29245,1.2924,1.29205,1.292,1.29205,1.292,-1
20120120  06:05:00,1.29205,1.292,1.29245,1.2924,1.2913,1.29125,1.2913,1.29125,-1
20120120  06:06:00,1.2913,1.29125,1.29165,1.2916,1.2913,1.29125,1.2916,1.29155,-1
20120120  06:07:00,1.2916,1.29155,1.2919,1.2918,1.2914,1.29135,1.29145,1.29135,-1
20120120  06:08:00,1.29145,1.29135,1.2915,1.29145,1.29075,1.29065,1.29085,1.2908,-1
20120120  06:09:00,1.29085,1.2908,1.29095,1.2909,1.2903,1.29025,1.29055,1.2905,-1
20120120  06:10:00,1.29055,1.2905,1.291,1.29095,1.29055,1.2905,1.291,1.29095,-1
20120120  06:11:00,1.291,1.29095,1.2911,1.29105,1.2904,1.29035,1.29065,1.2906,-1
20120120  06:12:00,1.29065,1.2906,1.29085,1.2908,1.2906,1.29055,1.29075,1.2907,-1
20120120  06:13:00,1.29075,1.2907,1.291,1.2909,1.2906,1.29055,1.2906,1.29055,-1
20120120  06:14:00,1.2906,1.29055,1.29085,1.2908,1.29055,1.2905,1.29085,1.29075,-1
20120120  06:15:00,1.29085,1.29075,1.29085,1.29075,1.29045,1.29035,1.2906,1.29055,-1
20120120  06:16:00,1.2906,1.29055,1.2909,1.29085,1.29055,1.29045,1.29075,1.2907,-1
20120120  06:17:00,1.29075,1.2907,1.2908,1.29075,1.28995,1.28985,1.29025,1.2902,-1
20120120  06:18:00,1.29025,1.2902,1.29035,1.2903,1.28995,1.28985,1.29005,1.28995,-1
20120120  06:19:00,1.29005,1.28995,1.29015,1.29005,1.28945,1.2894,1.2896,1.28955,-1
20120120  06:20:00,1.2896,1.28955,1.28995,1.2899,1.2896,1.28955,1.28995,1.2899,-1
20120120  06:21:00,1.28995,1.2899,1.2901,1.29,1.2898,1.28975,1.29005,1.29,-1
20120120  06:22:00,1.29005,1.29,1.2907,1.2906,1.29005,1.29,1.29065,1.29055,-1
20120120  06:23:00,1.29065,1.29055,1.29065,1.2906,1.2904,1.29035,1.29065,1.2906,-1
20120120  06:24:00,1.29065,1.2906,1.29065,1.2906,1.29055,1.2905,1.29065,1.29055,-1
20120120  06:25:00,1.29065,1.29055,1.29085,1.2908,1.2905,1.29045,1.2908,1.2907,-1
20120120  06:26:00,1.2908,1.2907,1.2914,1.2913,1.2907,1.29065,1.29105,1.291,-1
20120120  06:27:00,1.29105,1.291,1.29125,1.2912,1.29095,1.2909,1.2911,1.291,-1
20120120  06:28:00,1.2911,1.291,1.2912,1.2911,1.29095,1.2909,1.291,1.29095,-1
20120120  06:29:00,1.291,1.29095,1.29115,1.2911,1.2909,1.29085,1.2911,1.29105,-1
20120120  06:30:00,1.2911,1.29105,1.29115,1.2911,1.29075,1.2907,1.29105,1.291,-1
20120120  06:31:00,1.29105,1.291,1.29105,1.291,1.2908,1.29075,1.29085,1.2908,-1
20120120  06:32:00,1.29085,1.2908,1.291,1.29095,1.2908,1.29075,1.291,1.29095,-1
20120120  06:33:00,1.291,1.29095,1.29115,1.2911,1.29095,1.29085,1.29115,1.2911,-1
20120120  06:34:00,1.29115,1.2911,1.29135,1.2913,1.291,1.2909,1.29135,1.2913,-1
20120120  06:35:00,1.29135,1.2913,1.29175,1.2917,1.2913,1.29125,1.29175,1.2917,-1
20120120  06:36:00,1.29175,1.2917,1.2918,1.29175,1.29135,1.2913,1.2914,1.2913,-1
20120120  06:37:00,1.2914,1.2913,1.2915,1.29145,1.29125,1.2912,1.29125,1.2912,-1
20120120  06:38:00,1.29125,1.2912,1.2914,1.29135,1.29125,1.2912,1.29135,1.29125,-1
20120120  06:39:00,1.29135,1.29125,1.2916,1.29155,1.29135,1.29125,1.2914,1.29135,-1
20120120  06:40:00,1.2914,1.29135,1.29155,1.2915,1.2914,1.29135,1.2915,1.2914,-1
20120120  06:41:00,1.2915,1.2914,1.29195,1.2919,1.29145,1.2914,1.29175,1.2917,-1
20120120  06:42:00,1.29175,1.2917,1.2919,1.2918,1.29175,1.2917,1.29175,1.2917,-1
20120120  06:43:00,1.29175,1.2917,1.29195,1.2919,1.29175,1.29165,1.2918,1.29175,-1
20120120  06:44:00,1.2918,1.29175,1.29195,1.2919,1.2918,1.29175,1.2919,1.29185,-1
20120120  06:45:00,1.2919,1.29185,1.2919,1.29185,1.2917,1.29165,1.2918,1.29175,-1
20120120  06:46:00,1.2918,1.29175,1.2918,1.29175,1.2914,1.29135,1.29145,1.29135,-1
20120120  06:47:00,1.29145,1.29135,1.29145,1.29135,1.29115,1.2911,1.29125,1.29115,-1
20120120  06:48:00,1.29125,1.29115,1.29125,1.2912,1.2912,1.29115,1.29125,1.2912,-1
20120120  06:49:00,1.29125,1.2912,1.29125,1.2912,1.29055,1.2905,1.29055,1.2905,-1
20120120  06:50:00,1.29055,1.2905,1.2908,1.2907,1.2904,1.29035,1.29065,1.29055,-1
20120120  06:51:00,1.29065,1.29055,1.29085,1.2908,1.29065,1.29055,1.29085,1.29075,-1
20120120  06:52:00,1.29085,1.29075,1.29085,1.2908,1.29075,1.29065,1.2908,1.29075,-1
20120120  06:53:00,1.2908,1.29075,1.291,1.29095,1.29075,1.2907,1.291,1.29095,-1
20120120  06:54:00,1.291,1.29095,1.291,1.29095,1.29075,1.2907,1.2908,1.2907,-1
20120120  06:55:00,1.2908,1.2907,1.29095,1.2909,1.2908,1.2907,1.29095,1.29085,-1
20120120  06:56:00,1.29095,1.29085,1.29145,1.2914,1.29095,1.29085,1.2913,1.29125,-1
20120120  06:57:00,1.2913,1.29125,1.2914,1.29135,1.29125,1.2912,1.29135,1.2913,-1
20120120  06:58:00,1.29135,1.2913,1.29135,1.2913,1.29105,1.29095,1.29105,1.291,-1
20120120  06:59:00,1.29105,1.291,1.29115,1.29105,1.29045,1.29035,1.2906,1.2905,-1
20120120  07:00:00,1.2906,1.2905,1.2908,1.29075,1.29015,1.2901,1.29055,1.29045,-1
20120120  07:01:00,1.29055,1.29045,1.29085,1.2908,1.29055,1.29045,1.2907,1.29065,-1
20120120  07:02:00,1.2907,1.29065,1.291,1.2909,1.2907,1.29065,1.29075,1.2907,-1
20120120  07:03:00,1.29075,1.2907,1.2911,1.291,1.2907,1.29065,1.2911,1.291,-1
20120120  07:04:00,1.2911,1.291,1.2916,1.29155,1.2911,1.291,1.29155,1.29145,-1
20120120  07:05:00,1.29155,1.29145,1.292,1.29195,1.2913,1.29125,1.2919,1.29185,-1
20120120  07:06:00,1.2919,1.29185,1.292,1.29195,1.29155,1.2915,1.29165,1.2916,-1
20120120  07:07:00,1.29165,1.2916,1.29175,1.2917,1.2913,1.29125,1.29145,1.2914,-1
20120120  07:08:00,1.29145,1.2914,1.29175,1.2917,1.29135,1.2913,1.2917,1.2916,-1
20120120  07:09:00,1.2917,1.2916,1.29175,1.2917,1.29155,1.2915,1.29175,1.2917,-1
20120120  07:10:00,1.29175,1.2917,1.29185,1.2918,1.29165,1.29155,1.2918,1.29175,-1
20120120  07:11:00,1.2918,1.29175,1.2919,1.29185,1.2917,1.29165,1.29185,1.29175,-1
20120120  07:12:00,1.29185,1.29175,1.29195,1.2919,1.29175,1.2917,1.29175,1.2917,-1
20120120  07:13:00,1.29175,1.2917,1.2919,1.29185,1.2917,1.29165,1.2919,1.2918,-1
20120120  07:14:00,1.2919,1.2918,1.2919,1.2918,1.29145,1.29135,1.29145,1.2914,-1
20120120  07:15:00,1.29145,1.2914,1.2916,1.29155,1.2913,1.29125,1.2915,1.29145,-1
20120120  07:16:00,1.2915,1.29145,1.292,1.29195,1.2915,1.29145,1.292,1.2919,-1
20120120  07:17:00,1.292,1.2919,1.292,1.2919,1.2918,1.2917,1.2919,1.29185,-1
20120120  07:18:00,1.2919,1.29185,1.292,1.29195,1.29185,1.29175,1.292,1.29195,-1
20120120  07:19:00,1.292,1.29195,1.2922,1.2921,1.2917,1.29165,1.29175,1.2917,-1
20120120  07:20:00,1.29175,1.2917,1.2918,1.29175,1.2915,1.29145,1.2916,1.2915,-1
20120120  07:21:00,1.2916,1.2915,1.2917,1.29165,1.2914,1.29135,1.2914,1.29135,-1
20120120  07:22:00,1.2914,1.29135,1.29155,1.2915,1.2911,1.29105,1.29115,1.29105,-1
20120120  07:23:00,1.29115,1.29105,1.29115,1.2911,1.2904,1.29035,1.2906,1.29055,-1
20120120  07:24:00,1.2906,1.29055,1.29095,1.2909,1.2906,1.29055,1.29085,1.2908,-1
20120120  07:25:00,1.29085,1.2908,1.29085,1.2908,1.29015,1.29005,1.2906,1.2905,-1
20120120  07:26:00,1.2906,1.2905,1.2908,1.2907,1.29045,1.2904,1.29075,1.29065,-1
20120120  07:27:00,1.29075,1.29065,1.29095,1.29085,1.29055,1.2905,1.29065,1.2906,-1
20120120  07:28:00,1.29065,1.2906,1.29115,1.2911,1.29065,1.2906,1.291,1.29095,-1
20120120  07:29:00,1.291,1.29095,1.29125,1.2912,1.29085,1.2908,1.2912,1.2911,-1
20120120  07:30:00,1.2912,1.2911,1.2912,1.29115,1.2909,1.29085,1.2911,1.29105,-1
20120120  07:31:00,1.2911,1.29105,1.2911,1.29105,1.2906,1.29055,1.2906,1.29055,-1
20120120  07:32:00,1.2906,1.29055,1.291,1.29095,1.2906,1.29055,1.2909,1.2908,-1
20120120  07:33:00,1.2909,1.2908,1.2909,1.29085,1.29045,1.2904,1.29085,1.2908,-1
20120120  07:34:00,1.29085,1.2908,1.29095,1.2909,1.29075,1.29065,1.29095,1.2909,-1
20120120  07:35:00,1.29095,1.2909,1.29115,1.2911,1.2908,1.29075,1.29115,1.2911,-1
20120120  07:36:00,1.29115,1.2911,1.29145,1.2914,1.29115,1.2911,1.2913,1.29125,-1
20120120  07:37:00,1.2913,1.29125,1.29175,1.2917,1.2913,1.2912,1.2916,1.29155,-1
20120120  07:38:00,1.2916,1.29155,1.2916,1.29155,1.2914,1.29135,1.2915,1.29145,-1
20120120  07:39:00,1.2915,1.29145,1.29155,1.2915,1.2913,1.29125,1.2915,1.29145,-1
20120120  07:40:00,1.2915,1.29145,1.2917,1.29165,1.29135,1.2913,1.2917,1.29165,-1
20120120  07:41:00,1.2917,1.29165,1.2924,1.29235,1.2917,1.29165,1.2923,1.29225,-1
20120120  07:42:00,1.2923,1.29225,1.2923,1.29225,1.2918,1.29175,1.29195,1.2919,-1
20120120  07:43:00,1.29195,1.2919,1.29215,1.2921,1.2918,1.29175,1.2918,1.29175,-1
20120120  07:44:00,1.2918,1.29175,1.2919,1.29185,1.2916,1.29155,1.2919,1.2918,-1
20120120  07:45:00,1.2919,1.2918,1.29235,1.29225,1.2919,1.2918,1.2923,1.29225,-1
20120120  07:46:00,1.2923,1.29225,1.29235,1.2923,1.2921,1.29205,1.2921,1.29205,-1
20120120  07:47:00,1.2921,1.29205,1.2923,1.2922,1.2919,1.29185,1.292,1.29195,-1
20120120  07:48:00,1.292,1.29195,1.29205,1.292,1.29165,1.29155,1.29165,1.2916,-1
20120120  07:49:00,1.29165,1.2916,1.29175,1.2917,1.29155,1.2915,1.29175,1.29165,-1
20120120  07:50:00,1.29175,1.29165,1.2919,1.2918,1.2916,1.29155,1.29165,1.29155,-1
20120120  07:51:00,1.29165,1.29155,1.29165,1.2916,1.29145,1.2914,1.29145,1.2914,-1
20120120  07:52:00,1.29145,1.2914,1.292,1.29195,1.29135,1.2913,1.292,1.2919,-1
20120120  07:53:00,1.292,1.2919,1.292,1.2919,1.2917,1.29165,1.29185,1.29175,-1
20120120  07:54:00,1.29185,1.29175,1.29185,1.29175,1.2916,1.29155,1.29165,1.2916,-1
20120120  07:55:00,1.29165,1.2916,1.29175,1.2917,1.29155,1.2915,1.2917,1.29165,-1
20120120  07:56:00,1.2917,1.29165,1.29175,1.2917,1.2916,1.29155,1.29165,1.29155,-1
20120120  07:57:00,1.29165,1.29155,1.2917,1.29165,1.29145,1.2914,1.29145,1.2914,-1
20120120  07:58:00,1.29145,1.2914,1.29165,1.2916,1.29135,1.2913,1.2916,1.29155,-1
20120120  07:59:00,1.2916,1.29155,1.2917,1.29165,1.2913,1.29125,1.29135,1.29125,-1
20120120  08:00:00,1.29135,1.29125,1.29145,1.2914,1.2913,1.2912,1.29135,1.29125,-1
20120120  08:01:00,1.29135,1.29125,1.29155,1.2915,1.29115,1.2911,1.29125,1.2912,-1
20120120  08:02:00,1.29125,1.2912,1.29145,1.2914,1.291,1.29095,1.29105,1.291,-1
20120120  08:03:00,1.29105,1.291,1.29125,1.2912,1.29095,1.29085,1.29115,1.2911,-1
20120120  08:04:00,1.29115,1.2911,1.29135,1.2913,1.29105,1.291,1.2912,1.2911,-1
20120120  08:05:00,1.2912,1.2911,1.2912,1.29115,1.2905,1.29045,1.2905,1.29045,-1
20120120  08:06:00,1.2905,1.29045,1.2907,1.29065,1.2904,1.29035,1.2905,1.29045,-1
20120120  08:07:00,1.2905,1.29045,1.2905,1.29045,1.29015,1.2901,1.29035,1.2903,-1
20120120  08:08:00,1.29035,1.2903,1.29035,1.2903,1.29,1.2899,1.29,1.28995,-1
20120120  08:09:00,1.29,1.28995,1.29005,1.29,1.2898,1.28975,1.28995,1.2899,-1
20120120  08:10:00,1.28995,1.2899,1.29045,1.29035,1.28995,1.2899,1.29025,1.29015,-1
20120120  08:11:00,1.29025,1.29015,1.29025,1.2902,1.29,1.28995,1.29005,1.29,-1
20120120  08:12:00,1.29005,1.29,1.29005,1.29,1.28965,1.2896,1.2899,1.28985,-1
20120120  08:13:00,1.2899,1.28985,1.2901,1.29005,1.28975,1.2897,1.2899,1.28985,-1
20120120  08:14:00,1.2899,1.28985,1.29045,1.2904,1.2899,1.28985,1.2902,1.29015,-1
20120120  08:15:00,1.2902,1.29015,1.29045,1.2904,1.2899,1.2898,1.28995,1.2899,-1
20120120  08:16:00,1.28995,1.2899,1.29,1.28995,1.28935,1.2893,1.2896,1.2895,-1
20120120  08:17:00,1.2896,1.2895,1.28985,1.2898,1.28945,1.2894,1.28975,1.2897,-1
20120120  08:18:00,1.28975,1.2897,1.2899,1.28985,1.28965,1.2896,1.28985,1.2898,-1
20120120  08:19:00,1.28985,1.2898,1.29035,1.2903,1.28985,1.2898,1.29035,1.2903,-1
20120120  08:20:00,1.29035,1.2903,1.2906,1.29055,1.29035,1.2903,1.2905,1.2904,-1
20120120  08:21:00,1.2905,1.2904,1.2905,1.2904,1.29025,1.2902,1.2904,1.29035,-1
20120120  08:22:00,1.2904,1.29035,1.2909,1.29085,1.29035,1.2903,1.29085,1.29075,-1
20120120  08:23:00,1.29085,1.29075,1.291,1.29095,1.2905,1.29045,1.29055,1.29045,-1
20120120  08:24:00,1.29055,1.29045,1.2907,1.29065,1.2901,1.29005,1.2903,1.2902,-1
20120120  08:25:00,1.2903,1.2902,1.2905,1.29045,1.29025,1.29015,1.29025,1.2902,-1
20120120  08:26:00,1.29025,1.2902,1.2904,1.29035,1.29025,1.2902,1.2904,1.2903,-1
20120120  08:27:00,1.2904,1.2903,1.2904,1.29035,1.2898,1.28975,1.2898,1.28975,-1
20120120  08:28:00,1.2898,1.28975,1.29,1.28995,1.2896,1.28955,1.2896,1.28955,-1
20120120  08:29:00,1.2896,1.28955,1.2896,1.28955,1.2891,1.289,1.2894,1.28935,-1
20120120  08:30:00,1.2894,1.28935,1.2894,1.28935,1.28875,1.2887,1.2891,1.28905,-1
20120120  08:31:00,1.2891,1.28905,1.2895,1.28945,1.2891,1.289,1.2894,1.2893,-1
20120120  08:32:00,1.2894,1.2893,1.2902,1.29015,1.28935,1.2893,1.2901,1.29,-1
20120120  08:33:00,1.2901,1.29,1.2904,1.29035,1.29005,1.29,1.2904,1.29035,-1
20120120  08:34:00,1.2904,1.29035,1.2904,1.29035,1.29015,1.29005,1.2902,1.29015,-1
20120120  08:35:00,1.2902,1.29015,1.2902,1.29015,1.2898,1.28975,1.2901,1.29,-1
20120120  08:36:00,1.2901,1.29,1.2902,1.29015,1.29,1.28995,1.2902,1.2901,-1
20120120  08:37:00,1.2902,1.2901,1.29025,1.2902,1.2899,1.28985,1.29,1.28995,-1
20120120  08:38:00,1.29,1.28995,1.2901,1.29005,1.28995,1.28985,1.29,1.28995,-1
20120120  08:39:00,1.29,1.28995,1.2902,1.29015,1.28955,1.2895,1.2896,1.2895,-1
20120120  08:40:00,1.2896,1.2895,1.2897,1.28965,1.2891,1.28905,1.28955,1.28945,-1
20120120  08:41:00,1.28955,1.28945,1.29,1.28995,1.28955,1.28945,1.28995,1.2899,-1
20120120  08:42:00,1.28995,1.2899,1.29025,1.2902,1.2897,1.28965,1.29005,1.29,-1
20120120  08:43:00,1.29005,1.29,1.29075,1.2907,1.29005,1.29,1.29075,1.2907,-1
20120120  08:44:00,1.29075,1.2907,1.2908,1.29075,1.29055,1.29045,1.2906,1.29055,-1
20120120  08:45:00,1.2906,1.29055,1.29085,1.2908,1.2906,1.29055,1.29075,1.29065,-1
20120120  08:46:00,1.29075,1.29065,1.2909,1.29085,1.2905,1.29045,1.2906,1.29055,-1
20120120  08:47:00,1.2906,1.29055,1.2907,1.2906,1.29055,1.29045,1.2906,1.29055,-1
20120120  08:48:00,1.2906,1.29055,1.29065,1.2906,1.29025,1.2902,1.2904,1.29035,-1
20120120  08:49:00,1.2904,1.29035,1.29065,1.2906,1.2903,1.29025,1.2906,1.29055,-1
20120120  08:50:00,1.2906,1.29055,1.2913,1.29125,1.29045,1.2904,1.29125,1.2912,-1
20120120  08:51:00,1.29125,1.2912,1.2914,1.29135,1.2911,1.29105,1.2914,1.2913,-1
20120120  08:52:00,1.2914,1.2913,1.29185,1.2918,1.29125,1.2912,1.29185,1.29175,-1
20120120  08:53:00,1.29185,1.29175,1.2922,1.2921,1.2916,1.29155,1.2916,1.29155,-1
20120120  08:54:00,1.2916,1.29155,1.29215,1.2921,1.29155,1.2915,1.2921,1.29205,-1
20120120  08:55:00,1.2921,1.29205,1.2922,1.29215,1.29175,1.2917,1.29195,1.2919,-1
20120120  08:56:00,1.29195,1.2919,1.2923,1.29225,1.29195,1.2919,1.292,1.29195,-1
20120120  08:57:00,1.292,1.29195,1.29215,1.2921,1.29175,1.2917,1.2918,1.29175,-1
20120120  08:58:00,1.2918,1.29175,1.292,1.29195,1.2916,1.29155,1.292,1.29195,-1
20120120  08:59:00,1.292,1.29195,1.292,1.29195,1.2918,1.29175,1.29195,1.29185,-1
20120120  09:00:00,1.29195,1.29185,1.2923,1.29225,1.29185,1.29175,1.2922,1.2921,-1
20120120  09:01:00,1.2922,1.2921,1.2922,1.2921,1.2917,1.2916,1.29195,1.2919,-1
20120120  09:02:00,1.29195,1.2919,1.29195,1.2919,1.2915,1.29145,1.29155,1.2915,-1
20120120  09:03:00,1.29155,1.2915,1.2916,1.29155,1.2913,1.29125,1.29155,1.29145,-1
20120120  09:04:00,1.29155,1.29145,1.29165,1.2916,1.2914,1.2913,1.2914,1.29135,-1
20120120  09:05:00,1.2914,1.29135,1.2914,1.29135,1.2912,1.29115,1.2912,1.29115,-1
20120120  09:06:00,1.2912,1.29115,1.2917,1.29165,1.2912,1.29115,1.2916,1.29155,-1
20120120  09:07:00,1.2916,1.29155,1.29195,1.2919,1.2914,1.29135,1.2919,1.29185,-1
20120120  09:08:00,1.2919,1.29185,1.2923,1.29225,1.2919,1.2918,1.2919,1.2918,-1
20120120  09:09:00,1.2919,1.2918,1.29195,1.2919,1.2918,1.2917,1.29185,1.29175,-1
20120120  09:10:00,1.29185,1.29175,1.29185,1.2918,1.29145,1.2914,1.29145,1.2914,-1
20120120  09:11:00,1.29145,1.2914,1.29165,1.2916,1.2914,1.29135,1.2916,1.2915,-1
20120120  09:12:00,1.2916,1.2915,1.292,1.29195,1.2916,1.2915,1.29195,1.2919,-1
20120120  09:13:00,1.29195,1.2919,1.2923,1.29225,1.29195,1.2919,1.2921,1.29205,-1
20120120  09:14:00,1.2921,1.29205,1.29215,1.2921,1.2918,1.2917,1.2918,1.2917,-1
20120120  09:15:00,1.2918,1.2917,1.29235,1.29225,1.2918,1.2917,1.29225,1.2922,-1
20120120  09:16:00,1.29225,1.2922,1.29305,1.293,1.29225,1.2922,1.2927,1.29265,-1
20120120  09:17:00,1.2927,1.29265,1.29305,1.293,1.29265,1.2926,1.293,1.29295,-1
20120120  09:18:00,1.293,1.29295,1.2934,1.2933,1.293,1.29295,1.29315,1.2931,-1
20120120  09:19:00,1.29315,1.2931,1.2932,1.29315,1.2927,1.2926,1.29275,1.2927,-1
20120120  09:20:00,1.29275,1.2927,1.29285,1.29275,1.29265,1.2926,1.2927,1.29265,-1
20120120  09:21:00,1.2927,1.29265,1.29275,1.2927,1.2925,1.29245,1.29255,1.2925,-1
20120120  09:22:00,1.29255,1.2925,1.29255,1.2925,1.2922,1.29215,1.29235,1.2923,-1
20120120  09:23:00,1.29235,1.2923,1.29235,1.2923,1.2919,1.29185,1.2919,1.29185,-1
20120120  09:24:00,1.2919,1.29185,1.2919,1.29185,1.2915,1.2914,1.2918,1.29175,-1
20120120  09:25:00,1.2918,1.29175,1.2918,1.29175,1.2917,1.29165,1.2918,1.2917,-1
20120120  09:26:00,1.2918,1.2917,1.29205,1.292,1.29165,1.2916,1.2917,1.29165,-1
20120120  09:27:00,1.2917,1.29165,1.2917,1.29165,1.2911,1.291,1.2911,1.291,-1
20120120  09:28:00,1.2911,1.291,1.29155,1.2915,1.291,1.29095,1.29155,1.2915,-1
20120120  09:29:00,1.29155,1.2915,1.29165,1.2916,1.2914,1.29135,1.2915,1.29145,-1
20120120  09:30:00,1.2915,1.29145,1.2919,1.29185,1.2915,1.29145,1.2917,1.29165,-1
20120120  09:31:00,1.2917,1.29165,1.29175,1.29165,1.29135,1.2913,1.2914,1.29135,-1
20120120  09:32:00,1.2914,1.29135,1.2914,1.29135,1.29125,1.2912,1.2913,1.29125,-1
20120120  09:33:00,1.2913,1.29125,1.29155,1.2915,1.2912,1.29115,1.2912,1.29115,-1
20120120  09:34:00,1.2912,1.29115,1.29125,1.2912,1.291,1.2909,1.2911,1.29105,-1
20120120  09:35:00,1.2911,1.29105,1.2911,1.29105,1.2906,1.29055,1.2908,1.29075,-1
20120120  09:36:00,1.2908,1.29075,1.29095,1.2909,1.29075,1.2907,1.2908,1.29075,-1
20120120  09:37:00,1.2908,1.29075,1.29125,1.29115,1.2908,1.29075,1.29125,1.29115,-1
20120120  09:38:00,1.29125,1.29115,1.29135,1.2913,1.29105,1.29095,1.2913,1.29125,-1
20120120  09:39:00,1.2913,1.29125,1.29135,1.2913,1.2912,1.29115,1.29125,1.29115,-1
20120120  09:40:00,1.29125,1.29115,1.29135,1.2913,1.29115,1.2911,1.29125,1.2912,-1
20120120  09:41:00,1.29125,1.2912,1.29195,1.2919,1.29125,1.2912,1.29185,1.2918,-1
20120120  09:42:00,1.29185,1.2918,1.29235,1.2923,1.29185,1.2918,1.29225,1.2922,-1
20120120  09:43:00,1.29225,1.2922,1.29235,1.2923,1.2922,1.2921,1.2922,1.29215,-1
20120120  09:44:00,1.2922,1.29215,1.2926,1.29255,1.2922,1.29215,1.2925,1.29245,-1
20120120  09:45:00,1.2925,1.29245,1.29255,1.2925,1.2923,1.29225,1.2924,1.29235,-1
20120120  09:46:00,1.2924,1.29235,1.2924,1.29235,1.2922,1.2921,1.29235,1.29225,-1
20120120  09:47:00,1.29235,1.29225,1.29265,1.2926,1.2923,1.29225,1.2925,1.29245,-1
20120120  09:48:00,1.2925,1.29245,1.2925,1.29245,1.2923,1.2922,1.2924,1.2923,-1
20120120  09:49:00,1.2924,1.2923,1.2924,1.2923,1.29215,1.29205,1.29215,1.2921,-1
20120120  09:50:00,1.29215,1.2921,1.2926,1.2925,1.2921,1.29205,1.29255,1.2925,-1
20120120  09:51:00,1.29255,1.2925,1.293,1.29295,1.2924,1.29235,1.29265,1.2926,-1
20120120  09:52:00,1.29265,1.2926,1.2929,1.29285,1.29265,1.2926,1.29275,1.2927,-1
20120120  09:53:00,1.29275,1.2927,1.2928,1.2927,1.2925,1.29245,1.2926,1.29255,-1
20120120  09:54:00,1.2926,1.29255,1.29275,1.2927,1.29245,1.2924,1.2925,1.2924,-1
20120120  09:55:00,1.2925,1.2924,1.2929,1.29285,1.2925,1.2924,1.29285,1.2928,-1
20120120  09:56:00,1.29285,1.2928,1.29285,1.2928,1.2925,1.2924,1.2926,1.2925,-1
20120120  09:57:00,1.2926,1.2925,1.2926,1.2925,1.2921,1.292,1.2922,1.2921,-1
20120120  09:58:00,1.2922,1.2921,1.2923,1.29225,1.29215,1.29205,1.2922,1.29215,-1
20120120  09:59:00,1.2922,1.29215,1.29245,1.2924,1.29215,1.29205,1.2923,1.29215,-1
20120120  10:00:00,1.2923,1.29215,1.2924,1.2923,1.29205,1.292,1.29215,1.29205,-1
20120120  10:01:00,1.29215,1.29205,1.29255,1.2925,1.29215,1.29205,1.29235,1.29225,-1
20120120  10:02:00,1.29235,1.29225,1.2925,1.29245,1.29235,1.29225,1.29245,1.2924,-1
20120120  10:03:00,1.29245,1.2924,1.2925,1.29245,1.29185,1.2918,1.2919,1.29185,-1
20120120  10:04:00,1.2919,1.29185,1.292,1.29195,1.2917,1.29165,1.2918,1.29175,-1
20120120  10:05:00,1.2918,1.29175,1.2918,1.29175,1.29085,1.2908,1.29115,1.2911,-1
20120120  10:06:00,1.29115,1.2911,1.29115,1.2911,1.29085,1.2908,1.29115,1.29105,-1
20120120  10:07:00,1.29115,1.29105,1.2912,1.29115,1.2909,1.2908,1.2912,1.29115,-1
20120120  10:08:00,1.2912,1.29115,1.29135,1.2913,1.2911,1.29105,1.29115,1.2911,-1
20120120  10:09:00,1.29115,1.2911,1.29175,1.2917,1.29115,1.2911,1.2916,1.29155,-1
20120120  10:10:00,1.2916,1.29155,1.29195,1.2919,1.29145,1.2914,1.2919,1.29185,-1
20120120  10:11:00,1.2919,1.29185,1.292,1.29195,1.2917,1.29165,1.292,1.29195,-1
20120120  10:12:00,1.292,1.29195,1.29265,1.2926,1.292,1.2919,1.29265,1.29255,-1
20120120  10:13:00,1.29265,1.29255,1.29265,1.2926,1.2922,1.29215,1.29235,1.29225,-1
20120120  10:14:00,1.29235,1.29225,1.29265,1.29255,1.2923,1.29225,1.2926,1.29255,-1
20120120  10:15:00,1.2926,1.29255,1.2926,1.29255,1.29225,1.2922,1.2924,1.2923,-1
20120120  10:16:00,1.2924,1.2923,1.2927,1.29265,1.2922,1.29215,1.29265,1.2926,-1
20120120  10:17:00,1.29265,1.2926,1.29265,1.2926,1.2923,1.29225,1.2924,1.29235,-1
20120120  10:18:00,1.2924,1.29235,1.29255,1.29245,1.2922,1.29215,1.29255,1.29245,-1
20120120  10:19:00,1.29255,1.29245,1.2929,1.29285,1.2925,1.29245,1.29285,1.2928,-1
20120120  10:20:00,1.29285,1.2928,1.2933,1.29325,1.29265,1.2926,1.2933,1.2932,-1
20120120  10:21:00,1.2933,1.2932,1.2933,1.2932,1.2929,1.2928,1.293,1.2929,-1
20120120  10:22:00,1.293,1.2929,1.29395,1.2939,1.293,1.2929,1.29395,1.29385,-1
20120120  10:23:00,1.29395,1.29385,1.29415,1.2941,1.2938,1.29375,1.2939,1.29385,-1
20120120  10:24:00,1.2939,1.29385,1.294,1.29395,1.2934,1.29335,1.2934,1.29335,-1
20120120  10:25:00,1.2934,1.29335,1.29365,1.29355,1.2934,1.29335,1.2935,1.29345,-1
20120120  10:26:00,1.2935,1.29345,1.2937,1.29365,1.2932,1.29315,1.29365,1.29355,-1
20120120  10:27:00,1.29365,1.29355,1.2938,1.29375,1.29355,1.29345,1.2937,1.29365,-1
20120120  10:28:00,1.2937,1.29365,1.29445,1.29435,1.2937,1.2936,1.29435,1.2943,-1
20120120  10:29:00,1.29435,1.2943,1.2945,1.29445,1.2942,1.29415,1.2942,1.29415,-1
20120120  10:30:00,1.2942,1.29415,1.29425,1.2942,1.2938,1.29375,1.294,1.29395,-1
20120120  10:31:00,1.294,1.29395,1.294,1.29395,1.2938,1.2937,1.2938,1.2937,-1
20120120  10:32:00,1.2938,1.2937,1.2939,1.29385,1.2933,1.29325,1.2934,1.29335,-1
20120120  10:33:00,1.2934,1.29335,1.2935,1.2934,1.2933,1.29325,1.2934,1.29335,-1
20120120  10:34:00,1.2934,1.29335,1.2937,1.29365,1.29335,1.29325,1.2937,1.29365,-1
20120120  10:35:00,1.2937,1.29365,1.29375,1.2937,1.2935,1.29345,1.29365,1.2936,-1
20120120  10:36:00,1.29365,1.2936,1.2938,1.29375,1.2935,1.29345,1.2937,1.29365,-1
20120120  10:37:00,1.2937,1.29365,1.2938,1.29375,1.2936,1.29355,1.29375,1.2937,-1
20120120  10:38:00,1.29375,1.2937,1.294,1.29395,1.2934,1.29335,1.2935,1.29345,-1
20120120  10:39:00,1.2935,1.29345,1.29355,1.2935,1.29315,1.2931,1.2932,1.29315,-1
20120120  10:40:00,1.2932,1.29315,1.2934,1.29335,1.29315,1.2931,1.29335,1.2933,-1
20120120  10:41:00,1.29335,1.2933,1.29335,1.2933,1.29305,1.29295,1.29305,1.293,-1
20120120  10:42:00,1.29305,1.293,1.2933,1.29325,1.293,1.2929,1.2933,1.29325,-1
20120120  10:43:00,1.2933,1.29325,1.2936,1.29355,1.2932,1.29315,1.29325,1.2932,-1
20120120  10:44:00,1.29325,1.2932,1.29335,1.29325,1.2929,1.29285,1.2931,1.293,-1
20120120  10:45:00,1.2931,1.293,1.29325,1.2932,1.293,1.29295,1.2932,1.2931,-1
20120120  10:46:00,1.2932,1.2931,1.2932,1.29315,1.293,1.29295,1.29305,1.293,-1
20120120  10:47:00,1.29305,1.293,1.2934,1.29335,1.29295,1.29285,1.29325,1.29315,-1
20120120  10:48:00,1.29325,1.29315,1.29335,1.29325,1.2929,1.29285,1.29295,1.29285,-1
20120120  10:49:00,1.29295,1.29285,1.29295,1.2929,1.2926,1.29255,1.2926,1.29255,-1
20120120  10:50:00,1.2926,1.29255,1.2927,1.2926,1.2925,1.29245,1.2927,1.2926,-1
20120120  10:51:00,1.2927,1.2926,1.2927,1.2926,1.2923,1.29225,1.29235,1.2923,-1
20120120  10:52:00,1.29235,1.2923,1.29265,1.2926,1.2923,1.29225,1.2925,1.2924,-1
20120120  10:53:00,1.2925,1.2924,1.2927,1.2926,1.2923,1.29225,1.29265,1.2926,-1
20120120  10:54:00,1.29265,1.2926,1.2927,1.2926,1.2925,1.2924,1.2927,1.2926,-1
20120120  10:55:00,1.2927,1.2926,1.2928,1.29275,1.2923,1.29225,1.29235,1.2923,-1
20120120  10:56:00,1.29235,1.2923,1.2924,1.2923,1.292,1.29195,1.29215,1.29205,-1
20120120  10:57:00,1.29215,1.29205,1.29215,1.29205,1.2917,1.2916,1.29185,1.2918,-1
20120120  10:58:00,1.29185,1.2918,1.29205,1.29195,1.2918,1.29175,1.29205,1.29195,-1
20120120  10:59:00,1.29205,1.29195,1.29215,1.2921,1.29185,1.29175,1.29185,1.2918,-1
20120120  11:00:00,1.29185,1.2918,1.2923,1.29225,1.29185,1.2918,1.2923,1.29225,-1
20120120  11:01:00,1.2923,1.29225,1.2925,1.29245,1.2923,1.29225,1.29245,1.2924,-1
20120120  11:02:00,1.29245,1.2924,1.29295,1.2929,1.29245,1.2924,1.29265,1.29255,-1
20120120  11:03:00,1.29265,1.29255,1.2927,1.2926,1.2922,1.29215,1.2922,1.29215,-1
20120120  11:04:00,1.2922,1.29215,1.29225,1.29215,1.292,1.29195,1.29215,1.29205,-1
20120120  11:05:00,1.29215,1.29205,1.2925,1.2924,1.2921,1.29205,1.29245,1.29235,-1
20120120  11:06:00,1.29245,1.29235,1.2925,1.29245,1.2923,1.2922,1.2924,1.29235,-1
20120120  11:07:00,1.2924,1.29235,1.2925,1.29245,1.2923,1.29225,1.2924,1.2923,-1
20120120  11:08:00,1.2924,1.2923,1.29245,1.2924,1.2921,1.29205,1.2922,1.29215,-1
20120120  11:09:00,1.2922,1.29215,1.2924,1.29235,1.2922,1.29215,1.2922,1.29215,-1
20120120  11:10:00,1.2922,1.29215,1.29275,1.2927,1.2922,1.2921,1.29275,1.29265,-1
20120120  11:11:00,1.29275,1.29265,1.2928,1.29275,1.29245,1.29235,1.29245,1.29235,-1
20120120  11:12:00,1.29245,1.29235,1.2925,1.29245,1.2923,1.29225,1.2923,1.29225,-1
20120120  11:13:00,1.2923,1.29225,1.2928,1.29275,1.2923,1.29225,1.29275,1.29265,-1
20120120  11:14:00,1.29275,1.29265,1.293,1.29295,1.29265,1.2926,1.2928,1.29275,-1
20120120  11:15:00,1.2928,1.29275,1.2932,1.29315,1.2927,1.29265,1.2932,1.29315,-1
20120120  11:16:00,1.2932,1.29315,1.2934,1.29335,1.2931,1.29305,1.2933,1.29325,-1
20120120  11:17:00,1.2933,1.29325,1.2933,1.29325,1.29305,1.293,1.2931,1.29305,-1
20120120  11:18:00,1.2931,1.29305,1.2931,1.29305,1.2929,1.29285,1.29305,1.29295,-1
20120120  11:19:00,1.29305,1.29295,1.2931,1.29305,1.2929,1.29285,1.29305,1.29295,-1
20120120  11:20:00,1.29305,1.29295,1.29315,1.2931,1.2925,1.29245,1.2926,1.29255,-1
20120120  11:21:00,1.2926,1.29255,1.2926,1.29255,1.2923,1.29225,1.2924,1.29235,-1
20120120  11:22:00,1.2924,1.29235,1.29245,1.2924,1.2923,1.29225,1.2923,1.29225,-1
20120120  11:23:00,1.2923,1.29225,1.29235,1.2923,1.2921,1.29205,1.2923,1.29225,-1
20120120  11:24:00,1.2923,1.29225,1.29235,1.2923,1.2922,1.29215,1.29235,1.2923,-1
20120120  11:25:00,1.29235,1.2923,1.29235,1.2923,1.29225,1.2922,1.2923,1.29225,-1
20120120  11:26:00,1.2923,1.29225,1.2926,1.29255,1.29225,1.2922,1.29225,1.2922,-1
20120120  11:27:00,1.29225,1.2922,1.2924,1.29235,1.29215,1.2921,1.2923,1.2922,-1
20120120  11:28:00,1.2923,1.2922,1.29265,1.2926,1.2923,1.2922,1.2926,1.29255,-1
20120120  11:29:00,1.2926,1.29255,1.29375,1.2937,1.2926,1.29255,1.29375,1.2937,-1
20120120  11:30:00,1.29375,1.2937,1.29375,1.2937,1.29305,1.293,1.2931,1.29305,-1
20120120  11:31:00,1.2931,1.29305,1.2932,1.29315,1.293,1.29295,1.2931,1.29305,-1
20120120  11:32:00,1.2931,1.29305,1.29345,1.29335,1.29305,1.293,1.2934,1.29335,-1
20120120  11:33:00,1.2934,1.29335,1.2934,1.29335,1.2933,1.29325,1.2934,1.29335,-1
20120120  11:34:00,1.2934,1.29335,1.2934,1.29335,1.2932,1.29315,1.2933,1.29325,-1
20120120  11:35:00,1.2933,1.29325,1.2935,1.2934,1.2933,1.2932,1.29345,1.29335,-1
20120120  11:36:00,1.29345,1.29335,1.29345,1.2934,1.29325,1.29315,1.2933,1.2932,-1
20120120  11:37:00,1.2933,1.2932,1.2934,1.29335,1.2932,1.29315,1.29335,1.2933,-1
20120120  11:38:00,1.29335,1.2933,1.2935,1.29345,1.2933,1.29325,1.29335,1.29325,-1
20120120  11:39:00,1.29335,1.29325,1.2937,1.29365,1.2933,1.29325,1.2936,1.29355,-1
20120120  11:40:00,1.2936,1.29355,1.29375,1.2937,1.29355,1.2935,1.2936,1.29355,-1
20120120  11:41:00,1.2936,1.29355,1.29365,1.2936,1.29325,1.2932,1.2933,1.29325,-1
20120120  11:42:00,1.2933,1.29325,1.2933,1.29325,1.29275,1.2927,1.2928,1.29275,-1
20120120  11:43:00,1.2928,1.29275,1.29305,1.293,1.2928,1.29275,1.293,1.29295,-1
20120120  11:44:00,1.293,1.29295,1.2931,1.29305,1.29295,1.2929,1.293,1.2929,-1
20120120  11:45:00,1.293,1.2929,1.29305,1.293,1.29285,1.2928,1.2929,1.29285,-1
20120120  11:46:00,1.2929,1.29285,1.29315,1.2931,1.2929,1.29285,1.29315,1.2931,-1
20120120  11:47:00,1.29315,1.2931,1.29315,1.2931,1.29285,1.2928,1.2929,1.29285,-1
20120120  11:48:00,1.2929,1.29285,1.29295,1.2929,1.2928,1.29275,1.2929,1.29285,-1
20120120  11:49:00,1.2929,1.29285,1.29365,1.29355,1.2929,1.29285,1.2936,1.29355,-1
20120120  11:50:00,1.2936,1.29355,1.294,1.29395,1.29355,1.29345,1.294,1.29395,-1
20120120  11:51:00,1.294,1.29395,1.294,1.29395,1.2938,1.2937,1.2938,1.29375,-1
20120120  11:52:00,1.2938,1.29375,1.29395,1.2939,1.2938,1.29375,1.29385,1.2938,-1
20120120  11:53:00,1.29385,1.2938,1.29385,1.2938,1.2936,1.29355,1.29365,1.2936,-1
20120120  11:54:00,1.29365,1.2936,1.29385,1.2938,1.2936,1.29355,1.29385,1.2938,-1
20120120  11:55:00,1.29385,1.2938,1.29395,1.2939,1.29375,1.2937,1.29395,1.29385,-1
20120120  11:56:00,1.29395,1.29385,1.29465,1.2946,1.2939,1.29385,1.2946,1.29455,-1
20120120  11:57:00,1.2946,1.29455,1.2946,1.29455,1.2942,1.29415,1.2942,1.29415,-1
20120120  11:58:00,1.2942,1.29415,1.29425,1.29415,1.29405,1.294,1.29425,1.29415,-1
20120120  11:59:00,1.29425,1.29415,1.2948,1.29475,1.2942,1.2941,1.2947,1.29465,-1
20120120  12:00:00,1.2947,1.29465,1.295,1.29495,1.2946,1.29455,1.295,1.29495,-1
20120120  12:01:00,1.295,1.29495,1.2951,1.29505,1.29475,1.29465,1.29475,1.2947,-1
20120120  12:02:00,1.29475,1.2947,1.29495,1.2949,1.29475,1.2947,1.29475,1.2947,-1
20120120  12:03:00,1.29475,1.2947,1.29475,1.2947,1.2946,1.29455,1.2946,1.29455,-1
20120120  12:04:00,1.2946,1.29455,1.2947,1.29465,1.2946,1.29455,1.2946,1.29455,-1
20120120  12:05:00,1.2946,1.29455,1.29465,1.2946,1.2944,1.29435,1.2944,1.29435,-1
20120120  12:06:00,1.2944,1.29435,1.29445,1.2944,1.294,1.29395,1.2941,1.294,-1
20120120  12:07:00,1.2941,1.294,1.2941,1.29405,1.2938,1.29375,1.294,1.29395,-1
20120120  12:08:00,1.294,1.29395,1.2941,1.29405,1.29375,1.29365,1.29375,1.2937,-1
20120120  12:09:00,1.29375,1.2937,1.2939,1.29385,1.29375,1.2937,1.2939,1.29385,-1
20120120  12:10:00,1.2939,1.29385,1.29405,1.294,1.2939,1.29385,1.2939,1.29385,-1
20120120  12:11:00,1.2939,1.29385,1.2939,1.29385,1.29365,1.2936,1.29365,1.2936,-1
20120120  12:12:00,1.29365,1.2936,1.2938,1.29375,1.29365,1.2936,1.2937,1.29365,-1
20120120  12:13:00,1.2937,1.29365,1.2937,1.29365,1.29335,1.2933,1.29335,1.2933,-1
20120120  12:14:00,1.29335,1.2933,1.29375,1.2937,1.29335,1.2933,1.29375,1.2937,-1
20120120  12:15:00,1.29375,1.2937,1.29375,1.2937,1.2932,1.29315,1.2933,1.29325,-1
20120120  12:16:00,1.2933,1.29325,1.2936,1.29355,1.2933,1.29325,1.2934,1.29335,-1
20120120  12:17:00,1.2934,1.29335,1.2934,1.29335,1.29315,1.2931,1.29325,1.2932,-1
20120120  12:18:00,1.29325,1.2932,1.29355,1.2935,1.29325,1.2932,1.29345,1.2934,-1
20120120  12:19:00,1.29345,1.2934,1.2935,1.29345,1.2934,1.29335,1.2935,1.29345,-1
20120120  12:20:00,1.2935,1.29345,1.2936,1.29355,1.2935,1.29345,1.2936,1.29355,-1
20120120  12:21:00,1.2936,1.29355,1.2939,1.29385,1.2936,1.29355,1.2939,1.2938,-1
20120120  12:22:00,1.2939,1.2938,1.2939,1.2938,1.2935,1.29345,1.29355,1.2935,-1
20120120  12:23:00,1.29355,1.2935,1.29355,1.2935,1.29335,1.2933,1.2934,1.29335,-1
20120120  12:24:00,1.2934,1.29335,1.29355,1.2935,1.29335,1.2933,1.29355,1.2935,-1
20120120  12:25:00,1.29355,1.2935,1.29365,1.2936,1.2935,1.2934,1.2936,1.29355,-1
20120120  12:26:00,1.2936,1.29355,1.29365,1.2936,1.2934,1.29335,1.2934,1.29335,-1
20120120  12:27:00,1.2934,1.29335,1.29355,1.29345,1.2934,1.29335,1.29355,1.29345,-1
20120120  12:28:00,1.29355,1.29345,1.2936,1.2935,1.2935,1.29345,1.29355,1.2935,-1
20120120  12:29:00,1.29355,1.2935,1.29355,1.2935,1.2931,1.29305,1.2931,1.29305,-1
20120120  12:30:00,1.2931,1.29305,1.2932,1.29315,1.2931,1.29305,1.2932,1.29315,-1
20120120  12:31:00,1.2932,1.29315,1.29325,1.29315,1.29315,1.2931,1.2932,1.29315,-1
20120120  12:32:00,1.2932,1.29315,1.2932,1.29315,1.293,1.29295,1.293,1.29295,-1
20120120  12:33:00,1.293,1.29295,1.293,1.29295,1.29285,1.2928,1.2929,1.29285,-1
20120120  12:34:00,1.2929,1.29285,1.293,1.29295,1.29285,1.2928,1.293,1.29295,-1
20120120  12:35:00,1.293,1.29295,1.293,1.29295,1.29275,1.2927,1.29285,1.2928,-1
20120120  12:36:00,1.29285,1.2928,1.2932,1.29315,1.2928,1.29275,1.2931,1.293,-1
20120120  12:37:00,1.2931,1.293,1.2931,1.29305,1.2929,1.29285,1.29295,1.2929,-1
20120120  12:38:00,1.29295,1.2929,1.2932,1.29315,1.29295,1.29285,1.2932,1.29315,-1
20120120  12:39:00,1.2932,1.29315,1.2932,1.29315,1.29295,1.2929,1.29295,1.2929,-1
20120120  12:40:00,1.29295,1.2929,1.293,1.29295,1.29285,1.2928,1.2929,1.29285,-1
20120120  12:41:00,1.2929,1.29285,1.2931,1.29305,1.29285,1.2928,1.2931,1.293,-1
20120120  12:42:00,1.2931,1.293,1.2932,1.29315,1.29295,1.2929,1.2931,1.29305,-1
20120120  12:43:00,1.2931,1.29305,1.29315,1.2931,1.293,1.29295,1.293,1.29295,-1
20120120  12:44:00,1.293,1.29295,1.2931,1.29305,1.293,1.29295,1.2931,1.293,-1
20120120  12:45:00,1.2931,1.293,1.2933,1.29325,1.2931,1.293,1.29325,1.2932,-1
20120120  12:46:00,1.29325,1.2932,1.29345,1.2934,1.29325,1.2932,1.29345,1.2934,-1
20120120  12:47:00,1.29345,1.2934,1.2936,1.29355,1.29345,1.2934,1.29355,1.2935,-1
20120120  12:48:00,1.29355,1.2935,1.29355,1.2935,1.29325,1.2932,1.2933,1.29325,-1
20120120  12:49:00,1.2933,1.29325,1.2934,1.29335,1.2933,1.29325,1.2934,1.29335,-1
20120120  12:50:00,1.2934,1.29335,1.2934,1.29335,1.2934,1.29335,1.2934,1.29335,-1
20120120  12:51:00,1.2934,1.29335,1.29345,1.2934,1.2933,1.29325,1.29335,1.29325,-1
20120120  12:52:00,1.29335,1.29325,1.29355,1.29345,1.29335,1.29325,1.29355,1.29345,-1
20120120  12:53:00,1.29355,1.29345,1.29365,1.29355,1.2935,1.29345,1.2936,1.29355,-1
20120120  12:54:00,1.2936,1.29355,1.29365,1.29355,1.2935,1.29345,1.2935,1.29345,-1
20120120  12:55:00,1.2935,1.29345,1.29355,1.29345,1.2934,1.29335,1.2934,1.29335,-1
20120120  12:56:00,1.2934,1.29335,1.2934,1.29335,1.2933,1.2932,1.29335,1.29325,-1
20120120  12:57:00,1.29335,1.29325,1.29335,1.29325,1.293,1.2929,1.29305,1.293,-1
20120120  12:58:00,1.29305,1.293,1.29305,1.293,1.2929,1.29285,1.2929,1.29285,-1
20120120  12:59:00,1.2929,1.29285,1.29315,1.2931,1.2929,1.29285,1.2931,1.29305,-1
20120120  13:00:00,1.2931,1.29305,1.2932,1.29315,1.293,1.29295,1.2931,1.293,-1
20120120  13:01:00,1.2931,1.293,1.2931,1.29305,1.29305,1.293,1.2931,1.29305,-1
20120120  13:02:00,1.2931,1.29305,1.2931,1.29305,1.293,1.29295,1.293,1.29295,-1
20120120  13:03:00,1.293,1.29295,1.29305,1.293,1.2926,1.2925,1.29265,1.2926,-1
20120120  13:04:00,1.29265,1.2926,1.29275,1.29265,1.29265,1.29255,1.2927,1.29265,-1
20120120  13:05:00,1.2927,1.29265,1.2931,1.29305,1.2927,1.29265,1.29305,1.29295,-1
20120120  13:06:00,1.29305,1.29295,1.2932,1.29315,1.293,1.29295,1.2932,1.29315,-1
20120120  13:07:00,1.2932,1.29315,1.29345,1.2934,1.2932,1.29315,1.2934,1.2933,-1
20120120  13:08:00,1.2934,1.2933,1.2935,1.2934,1.29335,1.29325,1.29345,1.2934,-1
20120120  13:09:00,1.29345,1.2934,1.29345,1.2934,1.2932,1.29315,1.29325,1.29315,-1
20120120  13:10:00,1.29325,1.29315,1.29325,1.2932,1.29305,1.293,1.2931,1.29305,-1
20120120  13:11:00,1.2931,1.29305,1.29335,1.29325,1.2931,1.29305,1.29325,1.2932,-1
20120120  13:12:00,1.29325,1.2932,1.29335,1.2933,1.29325,1.2932,1.2933,1.29325,-1
20120120  13:13:00,1.2933,1.29325,1.29335,1.2933,1.2932,1.29315,1.2933,1.29325,-1
20120120  13:14:00,1.2933,1.29325,1.29335,1.2933,1.29315,1.2931,1.2932,1.2931,-1
20120120  13:15:00,1.2932,1.2931,1.29325,1.2932,1.293,1.29295,1.29305,1.293,-1
20120120  13:16:00,1.29305,1.293,1.29315,1.2931,1.293,1.29295,1.2931,1.29305,-1
20120120  13:17:00,1.2931,1.29305,1.2931,1.29305,1.2928,1.29275,1.29285,1.2928,-1
20120120  13:18:00,1.29285,1.2928,1.2929,1.29285,1.2928,1.29275,1.29285,1.2928,-1
20120120  13:19:00,1.29285,1.2928,1.29305,1.293,1.29285,1.2928,1.29295,1.2929,-1
20120120  13:20:00,1.29295,1.2929,1.29305,1.293,1.2929,1.29285,1.2929,1.29285,-1
20120120  13:21:00,1.2929,1.29285,1.29295,1.2929,1.29265,1.2926,1.2927,1.29265,-1
20120120  13:22:00,1.2927,1.29265,1.2928,1.2927,1.29255,1.2925,1.29275,1.2927,-1
20120120  13:23:00,1.29275,1.2927,1.2929,1.29285,1.2927,1.29265,1.2929,1.2928,-1
20120120  13:24:00,1.2929,1.2928,1.29305,1.29295,1.29285,1.29275,1.29305,1.29295,-1
20120120  13:25:00,1.29305,1.29295,1.29305,1.29295,1.29285,1.2928,1.2929,1.29285,-1
20120120  13:26:00,1.2929,1.29285,1.29295,1.2929,1.29265,1.2926,1.2927,1.29265,-1
20120120  13:27:00,1.2927,1.29265,1.29285,1.29275,1.2927,1.29265,1.2928,1.29275,-1
20120120  13:28:00,1.2928,1.29275,1.2928,1.29275,1.2927,1.29265,1.29275,1.2927,-1
20120120  13:29:00,1.29275,1.2927,1.2929,1.2928,1.2927,1.29265,1.29285,1.2928,-1
20120120  13:30:00,1.29285,1.2928,1.2929,1.2928,1.29275,1.2927,1.2928,1.29275,-1
20120120  13:31:00,1.2928,1.29275,1.2928,1.29275,1.2926,1.29255,1.2927,1.2926,-1
20120120  13:32:00,1.2927,1.2926,1.2927,1.29265,1.29265,1.2926,1.2927,1.29265,-1
20120120  13:33:00,1.2927,1.29265,1.2928,1.29275,1.2927,1.29265,1.2927,1.29265,-1
20120120  13:34:00,1.2927,1.29265,1.2928,1.29275,1.29265,1.2926,1.2927,1.29265,-1
20120120  13:35:00,1.2927,1.29265,1.29285,1.2928,1.2927,1.29265,1.2928,1.29275,-1
20120120  13:36:00,1.2928,1.29275,1.2929,1.29285,1.2928,1.29275,1.2929,1.29285,-1
20120120  13:37:00,1.2929,1.29285,1.29295,1.29285,1.2928,1.29275,1.2928,1.29275,-1
20120120  13:38:00,1.2928,1.29275,1.2929,1.29285,1.2928,1.29275,1.2929,1.29285,-1
20120120  13:39:00,1.2929,1.29285,1.293,1.29295,1.2928,1.29275,1.29295,1.29285,-1
20120120  13:40:00,1.29295,1.29285,1.29295,1.2929,1.2928,1.29275,1.29285,1.29275,-1
20120120  13:41:00,1.29285,1.29275,1.29285,1.2928,1.2928,1.29275,1.29285,1.29275,-1
20120120  13:42:00,1.29285,1.29275,1.29285,1.2928,1.29285,1.29275,1.29285,1.2928,-1
20120120  13:43:00,1.29285,1.2928,1.2929,1.29285,1.29285,1.2928,1.2929,1.29285,-1
20120120  13:44:00,1.2929,1.29285,1.2929,1.29285,1.2929,1.29285,1.2929,1.29285,-1
20120120  13:45:00,1.2929,1.29285,1.29305,1.29295,1.2929,1.29285,1.29295,1.29285,-1
20120120  13:46:00,1.29295,1.29285,1.29295,1.29285,1.2928,1.29275,1.2928,1.29275,-1
20120120  13:47:00,1.2928,1.29275,1.293,1.29295,1.2928,1.29275,1.29295,1.29285,-1
20120120  13:48:00,1.29295,1.29285,1.29305,1.29295,1.2926,1.29255,1.2927,1.29265,-1
20120120  13:49:00,1.2927,1.29265,1.29275,1.29265,1.29255,1.2925,1.29265,1.2926,-1
20120120  13:50:00,1.29265,1.2926,1.29295,1.29285,1.29265,1.2926,1.29295,1.29285,-1
20120120  13:51:00,1.29295,1.29285,1.29295,1.29285,1.2927,1.29265,1.2927,1.29265,-1
20120120  13:52:00,1.2927,1.29265,1.2928,1.29275,1.2927,1.29265,1.2928,1.2927,-1
20120120  13:53:00,1.2928,1.2927,1.2928,1.29275,1.29255,1.2925,1.29255,1.2925,-1
20120120  13:54:00,1.29255,1.2925,1.29265,1.2926,1.29255,1.2925,1.2926,1.29255,-1
20120120  13:55:00,1.2926,1.29255,1.2927,1.29265,1.2926,1.29255,1.2927,1.29265,-1
20120120  13:56:00,1.2927,1.29265,1.2928,1.29275,1.2927,1.29265,1.2928,1.29275,-1
20120120  13:57:00,1.2928,1.29275,1.2928,1.29275,1.29265,1.2926,1.2927,1.29265,-1
20120120  13:58:00,1.2927,1.29265,1.29285,1.2928,1.2927,1.29265,1.2928,1.29275,-1
20120120  13:59:00,1.2928,1.29275,1.29285,1.2928,1.2925,1.29245,1.2925,1.29245,-1
20120120  14:00:00,1.2925,1.29245,1.29265,1.2926,1.29245,1.2924,1.2925,1.2924,-1
20120120  14:01:00,1.2925,1.2924,1.2925,1.29245,1.2924,1.29235,1.2925,1.29245,-1
20120120  14:02:00,1.2925,1.29245,1.2925,1.29245,1.29245,1.2924,1.2925,1.29245,-1
20120120  14:03:00,1.2925,1.29245,1.29255,1.2925,1.2924,1.29235,1.29255,1.2925,-1
20120120  14:04:00,1.29255,1.2925,1.2927,1.29265,1.2925,1.29245,1.2927,1.29265,-1
20120120  14:05:00,1.2927,1.29265,1.29275,1.29265,1.2926,1.29255,1.2927,1.29265,-1
20120120  14:06:00,1.2927,1.29265,1.2929,1.29285,1.2927,1.2926,1.29285,1.2928,-1
20120120  14:07:00,1.29285,1.2928,1.29295,1.29285,1.2928,1.29275,1.2929,1.29285,-1
20120120  14:08:00,1.2929,1.29285,1.29295,1.29285,1.2929,1.29285,1.29295,1.29285,-1
20120120  14:09:00,1.29295,1.29285,1.29295,1.2929,1.29285,1.2928,1.29295,1.29285,-1
20120120  14:10:00,1.29295,1.29285,1.293,1.29295,1.2929,1.29285,1.2929,1.29285,-1
20120120  14:11:00,1.2929,1.29285,1.293,1.29295,1.2929,1.29285,1.29295,1.2929,-1
20120120  14:12:00,1.29295,1.2929,1.29295,1.2929,1.2929,1.29285,1.29295,1.29285,-1
20120120  14:13:00,1.29295,1.29285,1.29295,1.29285,1.29285,1.29275,1.29285,1.2928,-1
20120120  14:14:00,1.29285,1.2928,1.29285,1.2928,1.2928,1.29275,1.2928,1.29275,-1
20120120  14:15:00,1.2928,1.29275,1.29285,1.29275,1.2928,1.29275,1.2928,1.29275,-1
20120120  14:16:00,1.2928,1.29275,1.2929,1.29285,1.2928,1.29275,1.29285,1.2928,-1
20120120  14:17:00,1.29285,1.2928,1.29285,1.2928,1.29265,1.29255,1.29265,1.2926,-1
20120120  14:18:00,1.29265,1.2926,1.2927,1.29265,1.2923,1.2922,1.29235,1.2923,-1
20120120  14:19:00,1.29235,1.2923,1.2924,1.29235,1.2923,1.2922,1.2923,1.29225,-1
20120120  14:20:00,1.2923,1.29225,1.2923,1.29225,1.2922,1.29215,1.29225,1.2922,-1
20120120  14:21:00,1.29225,1.2922,1.2923,1.29225,1.2922,1.29215,1.2922,1.29215,-1
20120120  14:22:00,1.2922,1.29215,1.29225,1.2922,1.29215,1.2921,1.2922,1.29215,-1
20120120  14:23:00,1.2922,1.29215,1.2922,1.29215,1.2921,1.292,1.2921,1.292,-1
20120120  14:24:00,1.2921,1.292,1.2923,1.29225,1.2921,1.292,1.2923,1.29225,-1
20120120  14:25:00,1.2923,1.29225,1.29245,1.2924,1.2923,1.29225,1.29235,1.2923,-1
20120120  14:26:00,1.29235,1.2923,1.2924,1.29235,1.2923,1.29225,1.29235,1.2923,-1
20120120  14:27:00,1.29235,1.2923,1.2925,1.2924,1.29235,1.2923,1.2925,1.2924,-1
20120120  14:28:00,1.2925,1.2924,1.2927,1.29265,1.29245,1.29235,1.2926,1.29255,-1
20120120  14:29:00,1.2926,1.29255,1.29265,1.2926,1.29255,1.2925,1.29265,1.2926,-1
20120120  14:30:00,1.29265,1.2926,1.29265,1.2926,1.2925,1.2924,1.29255,1.2925,-1
20120120  14:31:00,1.29255,1.2925,1.2926,1.2925,1.2925,1.29245,1.29255,1.2925,-1
20120120  14:32:00,1.29255,1.2925,1.2926,1.29255,1.29245,1.2924,1.2925,1.29245,-1
20120120  14:33:00,1.2925,1.29245,1.29265,1.2926,1.29235,1.2923,1.2924,1.29235,-1
20120120  14:34:00,1.2924,1.29235,1.29245,1.2924,1.29215,1.2921,1.2922,1.29215,-1
20120120  14:35:00,1.2922,1.29215,1.29225,1.2922,1.2921,1.292,1.2921,1.29205,-1
20120120  14:36:00,1.2921,1.29205,1.2921,1.29205,1.29185,1.2918,1.2919,1.29185,-1
20120120  14:37:00,1.2919,1.29185,1.29205,1.29195,1.2919,1.29185,1.292,1.29195,-1
20120120  14:38:00,1.292,1.29195,1.29205,1.292,1.292,1.29195,1.292,1.29195,-1
20120120  14:39:00,1.292,1.29195,1.2921,1.29205,1.292,1.2919,1.29205,1.29195,-1
20120120  14:40:00,1.29205,1.29195,1.29215,1.2921,1.29205,1.29195,1.29215,1.29205,-1
20120120  14:41:00,1.29215,1.29205,1.2922,1.29215,1.29215,1.29205,1.2922,1.29215,-1
20120120  14:42:00,1.2922,1.29215,1.2922,1.29215,1.2921,1.29205,1.29215,1.29205,-1
20120120  14:43:00,1.29215,1.29205,1.29215,1.29205,1.2921,1.29205,1.2921,1.29205,-1
20120120  14:44:00,1.2921,1.29205,1.2921,1.29205,1.29205,1.29195,1.29205,1.29195,-1
20120120  14:45:00,1.29205,1.29195,1.29205,1.292,1.29205,1.29195,1.29205,1.292,-1
20120120  14:46:00,1.29205,1.292,1.2921,1.29205,1.29195,1.2919,1.29205,1.292,-1
20120120  14:47:00,1.29205,1.292,1.29215,1.2921,1.29205,1.29195,1.29205,1.292,-1
20120120  14:48:00,1.29205,1.292,1.29205,1.292,1.2919,1.29185,1.292,1.29195,-1
20120120  14:49:00,1.292,1.29195,1.29205,1.29195,1.292,1.29195,1.292,1.29195,-1
20120120  14:50:00,1.292,1.29195,1.2921,1.29205,1.292,1.29195,1.2921,1.29205,-1
20120120  14:51:00,1.2921,1.29205,1.29215,1.2921,1.2919,1.29185,1.29195,1.2919,-1
20120120  14:52:00,1.29195,1.2919,1.292,1.29195,1.2919,1.29185,1.29195,1.29185,-1
20120120  14:53:00,1.29195,1.29185,1.29205,1.292,1.2919,1.29185,1.29205,1.29195,-1
20120120  14:54:00,1.29205,1.29195,1.29205,1.29195,1.2919,1.29185,1.2919,1.29185,-1
20120120  14:55:00,1.2919,1.29185,1.292,1.29195,1.2919,1.29185,1.29195,1.2919,-1
20120120  14:56:00,1.29195,1.2919,1.29205,1.29195,1.29195,1.2919,1.29195,1.2919,-1
20120120  14:57:00,1.29195,1.2919,1.2922,1.29215,1.2919,1.29185,1.2921,1.29205,-1
20120120  14:58:00,1.2921,1.29205,1.29235,1.2923,1.2921,1.29205,1.29235,1.2923,-1
20120120  14:59:00,1.29235,1.2923,1.2924,1.29235,1.29215,1.2921,1.2922,1.29215,-1
20120120  15:00:00,1.2922,1.29215,1.29235,1.2923,1.2922,1.29215,1.29235,1.2923,-1
20120120  15:01:00,1.29235,1.2923,1.29245,1.2924,1.29235,1.2923,1.29245,1.2924,-1
20120120  15:02:00,1.29245,1.2924,1.2925,1.29245,1.2922,1.29215,1.29225,1.29215,-1
20120120  15:03:00,1.29225,1.29215,1.29245,1.29235,1.29215,1.2921,1.29245,1.29235,-1
20120120  15:04:00,1.29245,1.29235,1.29245,1.2924,1.2923,1.29225,1.2923,1.29225,-1
20120120  15:05:00,1.2923,1.29225,1.29245,1.2924,1.29225,1.29215,1.29225,1.2922,-1
20120120  15:06:00,1.29225,1.2922,1.29225,1.2922,1.29215,1.29205,1.2922,1.2921,-1
20120120  15:07:00,1.2922,1.2921,1.2923,1.2922,1.29215,1.29205,1.29225,1.2922,-1
20120120  15:08:00,1.29225,1.2922,1.29245,1.2924,1.29225,1.2922,1.29245,1.29235,-1
20120120  15:09:00,1.29245,1.29235,1.2925,1.29245,1.2924,1.29235,1.2925,1.29245,-1
20120120  15:10:00,1.2925,1.29245,1.2928,1.2927,1.2925,1.29245,1.29275,1.2927,-1
20120120  15:11:00,1.29275,1.2927,1.29305,1.293,1.29275,1.2927,1.293,1.2929,-1
20120120  15:12:00,1.293,1.2929,1.29305,1.293,1.29285,1.2928,1.29285,1.2928,-1
20120120  15:13:00,1.29285,1.2928,1.29305,1.293,1.29285,1.2928,1.29295,1.2929,-1
20120120  15:14:00,1.29295,1.2929,1.293,1.29295,1.2928,1.2927,1.29285,1.2928,-1
20120120  15:15:00,1.29285,1.2928,1.29295,1.2929,1.29285,1.29275,1.29285,1.29275,-1
20120120  15:16:00,1.29285,1.29275,1.29295,1.2929,1.29275,1.2927,1.29295,1.2929,-1
20120120  15:17:00,1.29295,1.2929,1.29295,1.2929,1.2929,1.2928,1.29295,1.29285,-1
20120120  15:18:00,1.29295,1.29285,1.293,1.29295,1.29295,1.29285,1.293,1.29295,-1
20120120  15:19:00,1.293,1.29295,1.29315,1.2931,1.293,1.29295,1.29315,1.2931,-1
20120120  15:20:00,1.29315,1.2931,1.2936,1.2935,1.29315,1.2931,1.29355,1.2935,-1
20120120  15:21:00,1.29355,1.2935,1.29365,1.2936,1.29355,1.29345,1.2936,1.29355,-1
20120120  15:22:00,1.2936,1.29355,1.2936,1.29355,1.2935,1.2934,1.2935,1.29345,-1
20120120  15:23:00,1.2935,1.29345,1.2935,1.29345,1.2933,1.29325,1.2933,1.29325,-1
20120120  15:24:00,1.2933,1.29325,1.29335,1.29325,1.2932,1.29315,1.29335,1.29325,-1
20120120  15:25:00,1.29335,1.29325,1.2935,1.2934,1.2933,1.29325,1.29335,1.2933,-1
20120120  15:26:00,1.29335,1.2933,1.29335,1.2933,1.2933,1.2932,1.2933,1.29325,-1
20120120  15:27:00,1.2933,1.29325,1.2934,1.29335,1.2933,1.29325,1.2934,1.29335,-1
20120120  15:28:00,1.2934,1.29335,1.29345,1.29335,1.29335,1.29325,1.29335,1.29325,-1
20120120  15:29:00,1.29335,1.29325,1.29345,1.29335,1.29325,1.2932,1.2933,1.29325,-1
20120120  15:30:00,1.2933,1.29325,1.2934,1.29335,1.2933,1.2932,1.2934,1.29335,-1
20120120  15:31:00,1.2934,1.29335,1.29345,1.2934,1.29325,1.2932,1.29345,1.2934,-1
20120120  15:32:00,1.29345,1.2934,1.29345,1.2934,1.29335,1.29325,1.29335,1.2933,-1
20120120  15:33:00,1.29335,1.2933,1.29335,1.2933,1.29335,1.29325,1.29335,1.2933,-1
20120120  15:34:00,1.29335,1.2933,1.29335,1.2933,1.29335,1.29325,1.29335,1.2933,-1
20120120  15:35:00,1.29335,1.2933,1.29335,1.2933,1.2932,1.29315,1.29325,1.2932,-1
20120120  15:36:00,1.29325,1.2932,1.2933,1.29325,1.29325,1.2932,1.29325,1.2932,-1
20120120  15:37:00,1.29325,1.2932,1.2934,1.29335,1.2932,1.29315,1.2932,1.29315,-1
20120120  15:38:00,1.2932,1.29315,1.29325,1.2932,1.2932,1.29315,1.2932,1.29315,-1
20120120  15:39:00,1.2932,1.29315,1.29325,1.2932,1.2932,1.29315,1.29325,1.29315,-1
20120120  15:40:00,1.29325,1.29315,1.29325,1.29315,1.2931,1.29305,1.2931,1.29305,-1
20120120  15:41:00,1.2931,1.29305,1.2931,1.29305,1.2929,1.29285,1.2929,1.29285,-1
20120120  15:42:00,1.2929,1.29285,1.2929,1.29285,1.2928,1.29275,1.29285,1.29275,-1
20120120  15:43:00,1.29285,1.29275,1.29285,1.2928,1.29265,1.2926,1.2927,1.2926,-1
20120120  15:44:00,1.2927,1.2926,1.29295,1.29285,1.2927,1.2926,1.29295,1.29285,-1
20120120  15:45:00,1.29295,1.29285,1.2933,1.29325,1.29295,1.29285,1.2933,1.29325,-1
20120120  15:46:00,1.2933,1.29325,1.29345,1.2934,1.2933,1.2932,1.29345,1.2934,-1
20120120  15:47:00,1.29345,1.2934,1.29345,1.2934,1.29325,1.2932,1.29325,1.2932,-1
20120120  15:48:00,1.29325,1.2932,1.29325,1.2932,1.2932,1.29315,1.29325,1.2932,-1
20120120  15:49:00,1.29325,1.2932,1.29335,1.2933,1.29325,1.2932,1.29335,1.2933,-1
20120120  15:50:00,1.29335,1.2933,1.2934,1.2933,1.2932,1.29315,1.2932,1.29315,-1
20120120  15:51:00,1.2932,1.29315,1.29335,1.2933,1.2932,1.29315,1.29335,1.29325,-1
20120120  15:52:00,1.29335,1.29325,1.29335,1.2933,1.29325,1.2932,1.29335,1.2933,-1
20120120  15:53:00,1.29335,1.2933,1.2936,1.2935,1.2933,1.29325,1.2936,1.2935,-1
20120120  15:54:00,1.2936,1.2935,1.2937,1.2936,1.29355,1.2935,1.29365,1.2936,-1
20120120  15:55:00,1.29365,1.2936,1.2937,1.2936,1.2936,1.2935,1.29365,1.2936,-1
20120120  15:56:00,1.29365,1.2936,1.29375,1.2937,1.29365,1.29355,1.2937,1.29365,-1
20120120  15:57:00,1.2937,1.29365,1.2938,1.29375,1.29365,1.2936,1.2938,1.29375,-1
20120120  15:58:00,1.2938,1.29375,1.2938,1.29375,1.2936,1.29355,1.2936,1.29355,-1
20120120  15:59:00,1.2936,1.29355,1.2936,1.29355,1.2933,1.29325,1.2933,1.29325,-1
20120120  16:00:00,1.2933,1.29325,1.29345,1.2934,1.2933,1.2932,1.29335,1.29325,-1
20120120  16:01:00,1.29335,1.29325,1.2934,1.2933,1.2933,1.29325,1.2934,1.2933,-1
20120120  16:02:00,1.2934,1.2933,1.29345,1.2934,1.2934,1.2933,1.29345,1.29335,-1
20120120  16:03:00,1.29345,1.29335,1.29365,1.2936,1.29345,1.29335,1.2936,1.29355,-1
20120120  16:04:00,1.2936,1.29355,1.2936,1.29355,1.29355,1.2935,1.2936,1.2935,-1
20120120  16:05:00,1.2936,1.2935,1.2937,1.29365,1.29355,1.2935,1.29355,1.2935,-1
20120120  16:06:00,1.29355,1.2935,1.2937,1.2936,1.29355,1.2935,1.2937,1.2936,-1
20120120  16:07:00,1.2937,1.2936,1.29375,1.2937,1.29365,1.2936,1.29375,1.2937,-1
20120120  16:08:00,1.29375,1.2937,1.29375,1.2937,1.2937,1.29365,1.29375,1.2937,-1
20120120  16:09:00,1.29375,1.2937,1.29375,1.2937,1.29365,1.2936,1.29365,1.2936,-1
20120120  16:10:00,1.29365,1.2936,1.29365,1.2936,1.29365,1.29355,1.29365,1.29355,-1
20120120  16:11:00,1.29365,1.29355,1.2937,1.2936,1.2936,1.29355,1.2936,1.29355,-1
20120120  16:12:00,1.2936,1.29355,1.29365,1.2936,1.2936,1.29355,1.29365,1.29355,-1
20120120  16:13:00,1.29365,1.29355,1.2937,1.29365,1.2936,1.29355,1.29365,1.2936,-1
20120120  16:14:00,1.29365,1.2936,1.29375,1.2937,1.29365,1.2936,1.29375,1.2937,-1
20120120  16:15:00,1.29375,1.2937,1.29375,1.2937,1.29375,1.29365,1.29375,1.29365,-1
20120120  16:16:00,1.29375,1.29365,1.29375,1.29365,1.2937,1.29365,1.29375,1.29365,-1
20120120  16:17:00,1.29375,1.29365,1.29375,1.29365,1.2934,1.29335,1.29355,1.29345,-1
20120120  16:18:00,1.29355,1.29345,1.29365,1.29355,1.29355,1.29345,1.2936,1.2935,-1
20120120  16:19:00,1.2936,1.2935,1.2936,1.29355,1.29355,1.2935,1.2936,1.29355,-1
20120120  16:20:00,1.2936,1.29355,1.29365,1.2936,1.2936,1.2935,1.29365,1.29355,-1
20120120  16:21:00,1.29365,1.29355,1.2937,1.29365,1.29365,1.29355,1.2937,1.2936,-1
20120120  16:22:00,1.2937,1.2936,1.2937,1.2936,1.29355,1.2935,1.29365,1.29355,-1
20120120  16:23:00,1.29365,1.29355,1.2937,1.29365,1.29355,1.2935,1.29365,1.2936,-1
20120120  16:24:00,1.29365,1.2936,1.2937,1.29365,1.2936,1.2935,1.2936,1.2935,-1
20120120  16:25:00,1.2936,1.2935,1.2936,1.2935,1.2935,1.29345,1.2935,1.29345,-1
20120120  16:26:00,1.2935,1.29345,1.29355,1.2935,1.2935,1.29345,1.2935,1.29345,-1
20120120  16:27:00,1.2935,1.29345,1.29355,1.29345,1.29345,1.2934,1.2935,1.29345,-1
20120120  16:28:00,1.2935,1.29345,1.29355,1.29345,1.29345,1.2934,1.29345,1.2934,-1
20120120  16:29:00,1.29345,1.2934,1.2935,1.2934,1.2934,1.29335,1.29345,1.29335,-1
20120120  16:30:00,1.29345,1.29335,1.29345,1.29335,1.29335,1.2933,1.2934,1.2933,-1
20120120  16:31:00,1.2934,1.2933,1.29345,1.2934,1.29335,1.2933,1.2934,1.2933,-1
20120120  16:32:00,1.2934,1.2933,1.2934,1.2933,1.2933,1.2932,1.29335,1.29325,-1
20120120  16:33:00,1.29335,1.29325,1.29335,1.29325,1.2933,1.2932,1.2933,1.2932,-1
20120120  16:34:00,1.2933,1.2932,1.2933,1.29325,1.2933,1.2932,1.2933,1.2932,-1
20120120  16:35:00,1.2933,1.2932,1.2934,1.2933,1.29325,1.2932,1.2933,1.2932,-1
20120120  16:36:00,1.2933,1.2932,1.29345,1.29335,1.2933,1.2932,1.2933,1.29325,-1
20120120  16:37:00,1.2933,1.29325,1.29335,1.2933,1.2933,1.29325,1.29335,1.29325,-1
20120120  16:38:00,1.29335,1.29325,1.29345,1.29335,1.29335,1.29325,1.29335,1.2933,-1
20120120  16:39:00,1.29335,1.2933,1.29345,1.29335,1.29325,1.2932,1.29335,1.29325,-1
20120120  16:40:00,1.29335,1.29325,1.29345,1.2934,1.29335,1.2932,1.2934,1.2933,-1
20120120  16:41:00,1.2934,1.2933,1.29345,1.2934,1.2934,1.2933,1.2934,1.2933,-1
20120120  16:42:00,1.2934,1.2933,1.29345,1.2934,1.2934,1.2933,1.29345,1.29335,-1
20120120  16:43:00,1.29345,1.29335,1.29345,1.2934,1.2934,1.2933,1.29345,1.29335,-1
20120120  16:44:00,1.29345,1.29335,1.2935,1.2934,1.29335,1.2933,1.29345,1.2934,-1
20120120  16:45:00,1.29345,1.2934,1.29355,1.2935,1.29345,1.2934,1.29355,1.2935,-1
20120120  16:46:00,1.29355,1.2935,1.29365,1.29355,1.29355,1.29345,1.29365,1.29355,-1
20120120  16:47:00,1.29365,1.29355,1.2937,1.2936,1.2936,1.2935,1.2937,1.29355,-1
20120120  16:48:00,1.2937,1.29355,1.2938,1.2937,1.29365,1.29355,1.29375,1.2936,-1
20120120  16:49:00,1.29375,1.2936,1.2938,1.29365,1.2936,1.2935,1.2937,1.2935,-1
20120120  16:50:00,1.2937,1.2935,1.2938,1.29375,1.29325,1.2932,1.29335,1.29325,-1
20120120  16:51:00,1.29335,1.29325,1.29365,1.2935,1.2932,1.2931,1.2934,1.29325,-1
20120120  16:52:00,1.2934,1.29325,1.2935,1.2933,1.2933,1.2932,1.29345,1.2933,-1
20120120  16:53:00,1.29345,1.2933,1.29375,1.2936,1.29345,1.2933,1.29375,1.2936,-1
20120120  16:54:00,1.29375,1.2936,1.2938,1.29365,1.29355,1.2934,1.29355,1.2934,-1
20120120  16:55:00,1.29355,1.2934,1.29365,1.2935,1.29355,1.2934,1.2936,1.29345,-1
20120120  16:56:00,1.2936,1.29345,1.294,1.2939,1.29355,1.29335,1.29365,1.29345,-1
20120120  16:57:00,1.29365,1.29345,1.2938,1.2936,1.29345,1.29325,1.29355,1.2933,-1
20120120  16:58:00,1.29355,1.2933,1.2937,1.29345,1.29325,1.29305,1.29335,1.29315,-1
20120120  16:59:00,1.29335,1.29315,1.29335,1.2933,1.2932,1.293,1.2932,1.293,-1
